id,idade,renda,categoria,nota,feedback,cidade_Belo Horizonte,cidade_Rio de Janeiro,cidade_São Paulo,cidade_Vitória,cidade_nan
1,-0.662851434123306,-1.2245425087437147,B,-0.4427122554227414,Regular,1.0,0.0,0.0,0.0,0.0
2,-4.332898054653099e-16,-1.150792332048478,A,-1.6515969985039516,Ruim,0.0,0.0,1.0,0.0,0.0
3,0.3128304690951962,1.1964278431883006,B,1.1461076926268492,Ruim,0.0,0.0,0.0,1.0,0.0
4,-0.41893095831868055,0.07360458720843623,B,0.0063020777217080185,Bom,1.0,0.0,0.0,0.0,0.0
5,1.2275322533625421,-0.8382179977896221,B,1.1806472567148836,Bom,1.0,0.0,0.0,0.0,0.0
6,1.3494924912648547,-0.7154759350203655,A,1.5260428975952294,Ruim,0.0,0.0,0.0,1.0,0.0
7,-4.332898054653099e-16,-1.1502041853713254,A,-1.0644244090073638,Regular,0.0,1.0,0.0,0.0,0.0
8,-0.7238315530744625,0.26007880962018476,A,0.5934746672182959,Bom,0.0,0.0,1.0,0.0,0.0
9,0.6177310638509781,1.2966763461097746,B,0.5934746672182959,Ruim,0.0,1.0,0.0,0.0,0.0
10,0.9836117775579165,-0.47288861490002726,A,1.1115681285388141,Bom,0.0,1.0,0.0,0.0,0.0
11,1.5934129670694803,0.5602581356912476,B,0.21353946224991535,Regular,0.0,0.0,0.0,0.0,1.0
12,1.5934129670694803,-0.8677351515662234,B,0.21353946224991535,Bom,0.0,0.0,0.0,1.0,0.0
13,-0.9677520288790881,-0.701482436900892,A,0.5243955390422266,Ruim,0.0,0.0,1.0,0.0,0.0
14,1.4714527291671675,1.1827955305801077,A,-1.7206761266800208,Regular,0.0,0.0,0.0,1.0,0.0
15,-1.2116725046837136,0.8686788365703786,B,-1.3407409217116404,Regular,0.0,0.0,1.0,0.0,0.0
16,-0.9067719099279317,1.1404050418575313,B,-0.1318561786304304,Regular,1.0,0.0,0.0,0.0,0.0
17,-4.332898054653099e-16,-0.11830694141366942,B,-1.1680431012714674,Regular,1.0,0.0,0.0,0.0,0.0
18,0.43479070699750894,-1.0380072752658713,B,-0.8226474603911217,Bom,0.0,0.0,1.0,0.0,0.0
19,-0.9677520288790881,0.7361750032259746,A,-1.2371222294475366,Bom,1.0,0.0,0.0,0.0,0.0
20,0.8006714207044473,-0.9947626316179696,A,-1.2371222294475366,Regular,0.0,0.0,1.0,0.0,0.0
21,-0.7848116720256189,-0.057535038698090665,A,1.5260428975952294,Bom,0.0,1.0,0.0,0.0,0.0
22,-1.0287321478302445,0.06838203995073258,A,-0.16639574271846486,Regular,0.0,0.0,0.0,1.0,0.0
23,-1.3336327425860264,-1.0535650971200121,B,-1.5825178703278824,Ruim,0.0,0.0,0.0,1.0,0.0
24,3.4837966545553285,-1.575836905988892,B,1.8023594102995055,Ruim,0.0,0.0,1.0,0.0,0.0
25,1.5934129670694803,-1.2375817937894678,B,0.45531641086615743,Ruim,0.0,1.0,0.0,0.0,0.0
26,1.6543930860206368,0.6915124624020326,A,-0.9953452808312946,Ruim,0.0,1.0,0.0,0.0,0.0
27,-1.3336327425860264,-0.43744362594166797,B,-0.7535683322150527,Regular,0.0,0.0,0.0,1.0,0.0
28,-0.29697072041636774,0.005657783120124387,B,-0.16639574271846486,Regular,1.0,0.0,0.0,0.0,0.0
29,0.129890112241727,0.43402379949873204,B,1.4224242053311253,Bom,0.0,0.0,0.0,1.0,0.0
30,-0.9067719099279317,-1.0968561091781461,B,-0.8571870244791563,Bom,1.0,0.0,0.0,0.0,0.0
31,0.9226316586067601,-0.6570834638824791,A,0.3862372826900882,Regular,0.0,0.0,0.0,1.0,0.0
32,0.00792987433941421,1.2070901370990053,B,1.284265948978987,Regular,0.0,1.0,0.0,0.0,0.0
33,-1.27265262363487,0.1450607478185135,A,1.284265948978987,Ruim,0.0,1.0,0.0,0.0,0.0
34,0.8616515396556037,0.564018857805323,B,-0.06277705045436119,Ruim,0.0,0.0,0.0,1.0,0.0
35,-0.8457917909767753,0.1633274610072577,B,0.4898559749541922,Bom,0.0,1.0,0.0,0.0,0.0
36,0.00792987433941421,-0.18379866020233165,A,1.1461076926268492,Ruim,0.0,0.0,0.0,1.0,0.0
37,-0.17501048251405496,-0.006947103135034296,B,-1.5479783062398478,Ruim,1.0,0.0,0.0,0.0,0.0
38,-0.17501048251405496,1.2898357853792402,A,0.5243955390422266,Bom,0.0,0.0,1.0,0.0,0.0
39,0.8006714207044473,-0.6926968433832595,A,0.5243955390422266,Bom,0.0,0.0,0.0,1.0,0.0
40,0.9226316586067601,0.13074755171270405,A,-1.0298848449193292,Ruim,0.0,0.0,0.0,1.0,0.0
41,0.129890112241727,-0.22496160627508346,A,-0.3736331272466723,Regular,0.0,0.0,0.0,1.0,0.0
42,1.1665521344113856,0.30267673596748346,B,-1.7206761266800208,Ruim,1.0,0.0,0.0,0.0,0.0
43,1.532432848118324,-1.3736315902952936,A,1.6987407180354024,Bom,1.0,0.0,0.0,0.0,0.0
44,-0.11403036356289857,0.7094106687515649,B,-1.0644244090073638,Ruim,0.0,1.0,0.0,0.0,0.0
45,-0.9677520288790881,0.810493803057214,A,0.9388703080986416,Regular,0.0,1.0,0.0,0.0,0.0
46,-0.35795083936752414,-1.4028192843149838,A,0.07538120589777723,Ruim,0.0,0.0,1.0,0.0,0.0
47,-1.1506923857325573,0.507822785046845,A,-1.1335035371834328,Bom,0.0,0.0,0.0,1.0,0.0
48,1.0445918965090728,-0.7116224760858262,B,1.3533450771550566,Bom,1.0,0.0,0.0,0.0,0.0
49,-1.577553218390652,1.2569459398689256,A,-1.5479783062398478,Regular,0.0,0.0,1.0,0.0,0.0
50,-1.4555929804883392,-0.8524042908779548,A,0.04084164180974247,Regular,0.0,1.0,0.0,0.0,0.0
51,-1.394612861537183,-0.3670197725699124,B,-1.202582665359502,Regular,0.0,0.0,0.0,1.0,0.0
52,0.9226316586067601,-1.2151980538606553,A,1.0770285644507798,Regular,0.0,0.0,0.0,1.0,0.0
53,-0.662851434123306,0.38859984056992875,B,0.35169771860205373,Regular,0.0,1.0,0.0,0.0,0.0
54,0.6787111828021345,0.512354687036357,B,1.2151868208029182,Regular,0.0,0.0,0.0,1.0,0.0
55,1.5934129670694803,-0.6489836347477506,A,-1.375280485799675,Bom,0.0,0.0,1.0,0.0,0.0
56,0.00792987433941421,-1.4313578205914266,B,-1.375280485799675,Bom,1.0,0.0,0.0,0.0,0.0
57,-0.11403036356289857,0.7805788571296755,A,-0.8917265885671909,Ruim,0.0,0.0,0.0,1.0,0.0
58,0.6177310638509781,-0.5719413009260456,B,-1.375280485799675,Regular,0.0,0.0,1.0,0.0,0.0
59,-0.9067719099279317,0.007370973856062821,A,-1.6515969985039516,Regular,1.0,0.0,0.0,0.0,0.0
60,-0.17501048251405496,0.8960898883453918,B,-1.4788991780637786,Ruim,0.0,1.0,0.0,0.0,0.0
61,1.532432848118324,-0.6194738022990807,B,-0.6154100758629143,Bom,1.0,0.0,0.0,0.0,0.0
62,-1.1506923857325573,-0.3871949119060978,B,-0.6154100758629143,Bom,1.0,0.0,0.0,0.0,0.0
63,1.5934129670694803,-1.337183579410338,A,1.491503333507195,Regular,1.0,0.0,0.0,0.0,0.0
64,-0.29697072041636774,-0.9477645871839236,B,-1.0644244090073638,Bom,0.0,1.0,0.0,0.0,0.0
65,-0.5408911962209934,0.9500334325436548,B,0.6970933594823995,Ruim,0.0,0.0,0.0,1.0,0.0
66,0.43479070699750894,-1.4276629904287332,A,1.491503333507195,Ruim,0.0,1.0,0.0,0.0,0.0
67,-1.3336327425860264,-1.243748792350317,B,0.07538120589777723,Bom,0.0,1.0,0.0,0.0,0.0
68,0.43479070699750894,1.0711623627253684,B,0.14446033407384642,Regular,0.0,0.0,1.0,0.0,0.0
69,-0.29697072041636774,0.5216137264268838,B,1.45696376941916,Bom,0.0,1.0,0.0,0.0,0.0
70,-0.35795083936752414,-0.29517802202211707,A,-1.4443596139757442,Bom,0.0,0.0,1.0,0.0,0.0
71,-4.332898054653099e-16,-0.8807012233326627,A,-0.1318561786304304,Regular,0.0,1.0,0.0,0.0,0.0
72,-0.17501048251405496,-0.22913232275331513,A,1.0079494362747108,Bom,0.0,0.0,1.0,0.0,0.0
73,-1.577553218390652,-0.8532169582783358,A,0.14446033407384642,Ruim,1.0,0.0,0.0,0.0,0.0
74,0.6787111828021345,-0.3455316750913699,A,-0.5117913835988106,Regular,0.0,1.0,0.0,0.0,0.0
75,0.19087023119288338,1.1589109184253665,B,-1.1335035371834328,Ruim,0.0,0.0,1.0,0.0,0.0
76,0.6177310638509781,-0.5109180326181568,B,0.4898559749541922,Regular,0.0,0.0,1.0,0.0,0.0
77,3.300856297701859,7.0847864247405195,B,-1.78975525485609,Bom,1.0,0.0,0.0,0.0,0.0
78,-0.8457917909767753,0.7650137139476032,A,-1.375280485799675,Regular,0.0,0.0,1.0,0.0,0.0
79,1.1665521344113856,0.8381781844083315,A,-0.4427122554227414,Bom,0.0,0.0,0.0,1.0,0.0
80,-0.17501048251405496,-0.37474865442278515,A,0.8007120517465032,Bom,1.0,0.0,0.0,0.0,0.0
81,0.43479070699750894,0.7390742490867936,B,0.731632923570434,Bom,0.0,1.0,0.0,0.0,0.0
82,1.2885123723136984,-0.2858335671390572,B,0.8697911799225724,Bom,0.0,0.0,0.0,1.0,0.0
83,-4.332898054653099e-16,-0.6823493665736037,B,0.6625537953943651,Bom,1.0,0.0,0.0,0.0,0.0
84,0.0689099932905706,0.016068711438519023,B,-0.9953452808312946,Bom,0.0,0.0,0.0,1.0,0.0
85,-0.9677520288790881,-0.8457858104280049,A,-0.09731661454239564,Bom,0.0,1.0,0.0,0.0,0.0
86,-1.27265262363487,0.9534573735728878,B,0.14446033407384642,Ruim,0.0,0.0,0.0,1.0,0.0
87,-0.7848116720256189,-1.28807699253206,A,0.6970933594823995,Ruim,0.0,0.0,0.0,1.0,0.0
88,0.8616515396556037,-1.376845653257161,A,-0.23547487089453406,Bom,0.0,0.0,0.0,1.0,0.0
89,0.49577082594866534,-0.2000398059967328,A,0.04084164180974247,Regular,0.0,1.0,0.0,0.0,0.0
90,1.532432848118324,-0.7264994144423504,B,-0.7535683322150527,Regular,0.0,1.0,0.0,0.0,0.0
91,0.129890112241727,-0.09890054151027676,A,-0.8917265885671909,Bom,0.0,0.0,1.0,0.0,0.0
92,0.6787111828021345,0.2458485885642641,A,-0.96080571674326,Ruim,0.0,0.0,0.0,1.0,0.0
93,1.4714527291671675,-0.8038785293488983,A,-0.5808705117748798,Ruim,0.0,1.0,0.0,0.0,0.0
94,-0.7238315530744625,-1.3571805664335268,A,1.2497263848909526,Ruim,0.0,1.0,0.0,0.0,0.0
95,0.8616515396556037,-1.0607033918530886,A,-0.96080571674326,Regular,0.0,0.0,0.0,1.0,0.0
96,0.19087023119288338,-0.7737707884525007,B,-1.2716617935355712,Ruim,1.0,0.0,0.0,0.0,0.0
97,-0.17501048251405496,-1.3019362663061254,A,1.0424890003627452,Ruim,0.0,0.0,1.0,0.0,0.0
98,0.129890112241727,-0.6069518910938109,A,1.2151868208029182,Ruim,0.0,0.0,1.0,0.0,0.0
99,0.43479070699750894,0.9993498974892983,B,-0.5808705117748798,Ruim,0.0,0.0,1.0,0.0,0.0
100,-1.5165730994394955,-1.2206280387430808,A,-0.2009353068064993,Regular,0.0,0.0,0.0,1.0,0.0
101,0.00792987433941421,0.3184712807580714,A,0.21353946224991535,Regular,0.0,1.0,0.0,0.0,0.0
102,0.3128304690951962,1.2594888811037512,A,-1.7206761266800208,Ruim,1.0,0.0,0.0,0.0,0.0
103,-1.27265262363487,-0.9381541240526913,B,-1.7206761266800208,Ruim,0.0,0.0,0.0,1.0,0.0
104,-0.05305024461174218,0.05962817218746939,B,1.45696376941916,Regular,0.0,1.0,0.0,0.0,0.0
105,-1.4555929804883392,1.3851204279632516,A,0.07538120589777723,Ruim,0.0,0.0,1.0,0.0,0.0
106,1.2275322533625421,0.889022366448985,B,0.420776846778123,Regular,0.0,0.0,1.0,0.0,0.0
107,1.5934129670694803,-0.5099369746753546,B,-0.30455399907060327,Regular,0.0,0.0,1.0,0.0,0.0
108,1.1665521344113856,0.41620368731380125,B,0.8352516158345379,Regular,0.0,0.0,0.0,1.0,0.0
109,1.532432848118324,1.1389798233535597,B,1.4224242053311253,Regular,0.0,0.0,0.0,1.0,0.0
110,0.2518503501440398,-0.5911549058605788,A,0.8697911799225724,Regular,1.0,0.0,0.0,0.0,0.0
111,-1.394612861537183,1.1093138025756872,B,1.0079494362747108,Regular,0.0,0.0,1.0,0.0,0.0
112,-0.8457917909767753,0.28866371430685966,B,1.5605824616832638,Regular,0.0,1.0,0.0,0.0,0.0
113,0.00792987433941421,0.43979788679393156,A,-0.2009353068064993,Bom,0.0,1.0,0.0,0.0,0.0
114,-0.23599060146521136,-0.9305716687584457,A,-1.5825178703278824,Ruim,0.0,0.0,1.0,0.0,0.0
115,0.129890112241727,-0.6788204865106879,A,-1.4443596139757442,Bom,0.0,0.0,1.0,0.0,0.0
116,1.1055720154602293,0.10936195282520038,B,-0.6844892040389835,Bom,0.0,0.0,0.0,1.0,0.0
117,1.4714527291671675,0.8612598909332668,A,-1.3062013576236058,Ruim,0.0,0.0,0.0,1.0,0.0
118,-0.05305024461174218,0.560482656414476,B,1.2151868208029182,Regular,0.0,1.0,0.0,0.0,0.0
119,-1.0287321478302445,-0.15362014646926422,A,-0.30455399907060327,Ruim,0.0,0.0,0.0,1.0,0.0
120,-1.394612861537183,-0.9331487761902845,A,-0.3390935631586377,Bom,0.0,1.0,0.0,0.0,0.0
121,0.00792987433941421,0.9562370377441608,B,1.0770285644507798,Regular,0.0,0.0,0.0,1.0,0.0
122,1.0445918965090728,0.08443283121891819,A,1.284265948978987,Ruim,0.0,0.0,1.0,0.0,0.0
123,0.3128304690951962,-1.0556956035480383,A,-1.617057434415917,Regular,1.0,0.0,0.0,0.0,0.0
124,0.6787111828021345,0.14228840497517178,B,1.1115681285388141,Ruim,1.0,0.0,0.0,0.0,0.0
125,-1.4555929804883392,0.2776402348848747,B,-0.5808705117748798,Regular,0.0,0.0,0.0,1.0,0.0
126,-1.3336327425860264,0.7009838203025694,B,-0.5463309476868452,Regular,0.0,0.0,1.0,0.0,0.0
127,-0.9067719099279317,-1.2976337659251291,,0.45531641086615743,Regular,0.0,0.0,0.0,1.0,0.0
128,-1.5165730994394955,1.3618752117811825,B,-0.23547487089453406,Ruim,0.0,0.0,1.0,0.0,0.0
129,0.19087023119288338,-1.0308836231886578,B,0.04084164180974247,Bom,0.0,0.0,1.0,0.0,0.0
130,-1.3336327425860264,-1.368545707825642,B,1.0079494362747108,Regular,1.0,0.0,0.0,0.0,0.0
131,0.43479070699750894,-0.8183576755544852,A,1.6642011539473678,Bom,0.0,1.0,0.0,0.0,0.0
132,0.3128304690951962,0.33437564546762993,A,-1.6861365625919862,Regular,0.0,1.0,0.0,0.0,0.0
133,1.6543930860206368,0.04533449962281023,B,-1.3407409217116404,Bom,1.0,0.0,0.0,0.0,0.0
134,-1.577553218390652,-0.11125406217312547,B,-0.7190287681270181,Ruim,1.0,0.0,0.0,0.0,0.0
135,-0.7238315530744625,-0.8255569813536563,A,-0.6154100758629143,Ruim,0.0,0.0,0.0,1.0,0.0
136,-0.9067719099279317,-1.0678221630450146,B,0.14446033407384642,Ruim,0.0,1.0,0.0,0.0,0.0
137,-0.6018713151721498,0.4705352618924264,A,-0.23547487089453406,Regular,0.0,1.0,0.0,0.0,0.0
138,1.3494924912648547,0.9667919521785386,A,-0.06277705045436119,Regular,0.0,1.0,0.0,0.0,0.0
139,1.0445918965090728,0.23368786287027454,B,1.3533450771550566,Ruim,0.0,0.0,1.0,0.0,0.0
140,-0.9067719099279317,-0.9928420032573094,A,0.0063020777217080185,Bom,0.0,1.0,0.0,0.0,0.0
141,0.5567509448998217,-0.12598457397102245,A,0.4898559749541922,Bom,1.0,0.0,0.0,0.0,0.0
142,1.532432848118324,-0.5207798613416992,B,0.10992076998581168,Ruim,0.0,0.0,0.0,1.0,0.0
143,-0.9067719099279317,-1.1507435231956025,B,-1.5134387421518134,Bom,0.0,0.0,0.0,1.0,0.0
144,-1.3336327425860264,1.3539803798285321,A,-0.16639574271846486,Ruim,0.0,1.0,0.0,0.0,0.0
145,0.00792987433941421,0.38098321907866994,B,0.6625537953943651,Regular,0.0,0.0,0.0,1.0,0.0
146,-0.8457917909767753,0.48316211213137916,B,0.420776846778123,Regular,0.0,0.0,1.0,0.0,0.0
147,1.1055720154602293,-1.1520027915997963,A,-0.1318561786304304,Regular,0.0,1.0,0.0,0.0,0.0
148,-1.577553218390652,-0.2544958431501911,A,0.0,Regular,1.0,0.0,0.0,0.0,0.0
149,-0.35795083936752414,0.7377783740429426,A,1.387884641243091,Bom,0.0,0.0,0.0,1.0,0.0
150,1.2275322533625421,-0.6962403661020381,A,0.8007120517465032,Regular,0.0,1.0,0.0,0.0,0.0
151,-1.0287321478302445,-0.6889800492367724,A,1.1115681285388141,Ruim,0.0,1.0,0.0,0.0,0.0
152,-0.4799110772698369,-0.6678580181547977,B,-1.6861365625919862,Ruim,0.0,1.0,0.0,0.0,0.0
153,0.0689099932905706,-0.21494358922233864,B,-1.2371222294475366,Bom,1.0,0.0,0.0,0.0,0.0
154,-0.9067719099279317,1.220905482905482,A,1.1806472567148836,Bom,0.0,0.0,0.0,1.0,0.0
155,-1.4555929804883392,-0.520106299172014,A,0.07538120589777723,Regular,0.0,1.0,0.0,0.0,0.0
156,-0.5408911962209934,-1.1666503283478047,A,0.2480790263379501,Bom,0.0,0.0,0.0,1.0,0.0
157,0.0689099932905706,0.6234680406079693,A,-0.06277705045436119,Regular,1.0,0.0,0.0,0.0,0.0
158,-0.17501048251405496,0.9712286769049431,B,1.5951220257712984,Regular,1.0,0.0,0.0,0.0,0.0
159,-0.05305024461174218,-0.7438411998690995,B,1.1806472567148836,Regular,0.0,0.0,0.0,0.0,1.0
160,0.00792987433941421,0.30834100334371234,B,0.35169771860205373,Bom,1.0,0.0,0.0,0.0,0.0
161,-0.4799110772698369,-0.9179082118798361,A,-0.23547487089453406,Ruim,0.0,1.0,0.0,0.0,0.0
162,1.5934129670694803,0.9293482406949183,A,0.0,Regular,1.0,0.0,0.0,0.0,0.0
163,-0.35795083936752414,0.5921327570617471,A,-1.617057434415917,Regular,0.0,0.0,1.0,0.0,0.0
164,-1.0897122667814008,-0.4481034794097285,A,-0.2700144349825685,Regular,0.0,0.0,0.0,1.0,0.0
165,0.8006714207044473,-0.6597069397245499,A,0.2480790263379501,Regular,1.0,0.0,0.0,0.0,0.0
166,-0.35795083936752414,0.6003716914271713,A,-0.40817269133470696,Regular,0.0,1.0,0.0,0.0,0.0
167,-1.4555929804883392,1.0067737240116976,A,-0.23547487089453406,Ruim,0.0,0.0,0.0,1.0,0.0
168,-1.0287321478302445,0.6343670574551211,B,-1.0989639730953984,Regular,0.0,0.0,0.0,0.0,1.0
169,-0.662851434123306,-0.1664763983167329,A,0.3862372826900882,Ruim,1.0,0.0,0.0,0.0,0.0
170,-0.4799110772698369,-0.09082511680198624,B,-0.2009353068064993,Regular,1.0,0.0,0.0,0.0,0.0
171,-0.29697072041636774,-1.096880513604584,A,0.3862372826900882,Ruim,0.0,0.0,0.0,1.0,0.0
172,-0.9067719099279317,-0.7703810136202807,B,0.6970933594823995,Regular,1.0,0.0,0.0,0.0,0.0
173,-2.370294764755685,6.4149727749562215,A,2.044136358915748,Regular,0.0,1.0,0.0,0.0,0.0
174,0.5567509448998217,-1.0728372726779967,B,-0.7535683322150527,Ruim,0.0,0.0,1.0,0.0,0.0
175,-1.0897122667814008,1.2311236162550176,B,-0.8917265885671909,Ruim,1.0,0.0,0.0,0.0,0.0
176,-0.5408911962209934,1.3874290867042738,A,-0.5463309476868452,Regular,0.0,0.0,0.0,1.0,0.0
177,1.5934129670694803,0.7449191092186627,A,-1.5479783062398478,Regular,0.0,1.0,0.0,0.0,0.0
178,-0.6018713151721498,-0.31000615152576544,B,0.4898559749541922,Ruim,0.0,0.0,0.0,1.0,0.0
179,1.1665521344113856,0.5771679627700466,B,0.3862372826900882,Bom,1.0,0.0,0.0,0.0,0.0
180,-0.9677520288790881,0.5440535965365034,B,1.1115681285388141,Bom,0.0,1.0,0.0,0.0,0.0
181,-0.11403036356289857,0.5722724348266099,A,0.5934746672182959,Bom,0.0,1.0,0.0,0.0,0.0
182,-1.394612861537183,-1.191279275508901,A,0.420776846778123,Ruim,0.0,0.0,0.0,1.0,0.0
183,1.0445918965090728,-1.417134920863437,B,-1.5479783062398478,Bom,0.0,0.0,1.0,0.0,0.0
184,-1.2116725046837136,0.9725953247854638,B,-0.96080571674326,Bom,0.0,0.0,1.0,0.0,0.0
185,0.8616515396556037,1.100777134207721,A,-1.1335035371834328,Regular,0.0,1.0,0.0,0.0,0.0
186,-0.41893095831868055,-0.4507782045473188,B,-0.7190287681270181,Ruim,0.0,0.0,1.0,0.0,0.0
187,1.4104726102160112,0.7405970852965166,A,0.8007120517465032,Bom,0.0,0.0,1.0,0.0,0.0
188,-1.5165730994394955,0.02625267859104119,A,-1.0298848449193292,Regular,1.0,0.0,0.0,0.0,0.0
189,1.4714527291671675,0.3640880346557341,B,-0.5808705117748798,Regular,0.0,1.0,0.0,0.0,0.0
190,-1.394612861537183,1.1195465785810854,A,-0.028237486366326434,Bom,0.0,1.0,0.0,0.0,0.0
191,-0.6018713151721498,0.09241307866410117,B,1.1806472567148836,Bom,1.0,0.0,0.0,0.0,0.0
192,-1.3336327425860264,-0.9746192180361535,A,-0.3390935631586377,Bom,0.0,0.0,1.0,0.0,0.0
193,-0.9067719099279317,-0.3103697774796898,B,0.0063020777217080185,Regular,0.0,0.0,1.0,0.0,0.0
194,-1.5165730994394955,0.590978427691236,B,-1.6861365625919862,Bom,0.0,1.0,0.0,0.0,0.0
195,-0.9067719099279317,-0.4566230646791884,A,-1.617057434415917,Bom,0.0,0.0,0.0,0.0,1.0
196,0.6177310638509781,-1.0827845168940715,A,-0.2009353068064993,Ruim,1.0,0.0,0.0,0.0,0.0
197,-0.6018713151721498,0.18715350253854815,A,-1.4098200498877094,Regular,1.0,0.0,0.0,0.0,0.0
198,-0.29697072041636774,-0.4780696746327865,B,-0.7190287681270181,Bom,0.0,0.0,0.0,1.0,0.0
199,-0.41893095831868055,0.5702053799073227,B,1.7332802821234368,Regular,0.0,0.0,1.0,0.0,0.0
200,-0.17501048251405496,0.3548021503961255,B,-0.1318561786304304,Ruim,0.0,0.0,1.0,0.0,0.0
201,-1.2116725046837136,-0.6217531757283776,B,0.4898559749541922,Ruim,1.0,0.0,0.0,0.0,0.0
202,0.9226316586067601,-1.4036319517153646,A,-1.4443596139757442,Ruim,1.0,0.0,0.0,0.0,0.0
203,-0.41893095831868055,-0.5170899120642936,A,-0.6844892040389835,Regular,0.0,0.0,0.0,1.0,0.0
204,0.43479070699750894,-0.8251640700880066,B,-1.5134387421518134,Bom,0.0,1.0,0.0,0.0,0.0
205,1.0445918965090728,-0.6584452308777121,A,-1.0989639730953984,Bom,0.0,1.0,0.0,0.0,0.0
206,-0.11403036356289857,0.7401163180956902,A,-1.3407409217116404,Ruim,1.0,0.0,0.0,0.0,0.0
207,1.6543930860206368,-0.5106056559597522,A,0.3862372826900882,Bom,0.0,0.0,1.0,0.0,0.0
208,-1.0287321478302445,-0.649012920059476,B,-0.2009353068064993,Bom,0.0,0.0,0.0,1.0,0.0
209,1.1055720154602293,-1.103555124235341,A,0.9388703080986416,Bom,0.0,0.0,0.0,1.0,0.0
210,-1.27265262363487,0.9850562249246391,B,1.284265948978987,Bom,0.0,0.0,1.0,0.0,0.0
211,0.49577082594866534,0.0034418611995659996,B,0.21353946224991535,Bom,0.0,0.0,1.0,0.0,0.0
212,-1.3336327425860264,0.5203007682845266,,-0.09731661454239564,Regular,0.0,1.0,0.0,0.0,0.0
213,0.49577082594866534,-0.864889595443568,A,-0.4427122554227414,Regular,0.0,0.0,1.0,0.0,0.0
214,0.3128304690951962,-0.18178529502120755,A,-0.2009353068064993,Bom,0.0,0.0,1.0,0.0,0.0
215,1.0445918965090728,0.09649593920715636,A,-0.7535683322150527,Bom,1.0,0.0,0.0,0.0,0.0
216,-1.577553218390652,1.1659003461571718,B,0.0063020777217080185,Bom,0.0,1.0,0.0,0.0,0.0
217,1.532432848118324,0.44002240751716,B,0.8352516158345379,Bom,0.0,0.0,1.0,0.0,0.0
218,-1.577553218390652,-1.4027436305930265,A,-0.1318561786304304,Ruim,1.0,0.0,0.0,0.0,0.0
219,1.532432848118324,-0.36733947055624855,B,1.387884641243091,Bom,1.0,0.0,0.0,0.0,0.0
220,0.00792987433941421,-1.0677245453392632,B,-0.3736331272466723,Ruim,1.0,0.0,0.0,0.0,0.0
221,-0.35795083936752414,-0.6228708984592319,A,0.0,Regular,0.0,1.0,0.0,0.0,0.0
222,0.129890112241727,-0.6491569061754595,A,0.8697911799225724,Regular,1.0,0.0,0.0,0.0,0.0
223,-0.8457917909767753,-0.28566517659663604,A,1.2151868208029182,Ruim,0.0,0.0,1.0,0.0,0.0
224,-1.0287321478302445,-0.11218387082040833,A,-0.2009353068064993,Bom,0.0,0.0,1.0,0.0,0.0
225,1.532432848118324,-1.2455815647758008,A,-1.1680431012714674,Bom,0.0,0.0,0.0,1.0,0.0
226,-0.8457917909767753,0.018843494724504577,A,0.6970933594823995,Ruim,0.0,1.0,0.0,0.0,0.0
227,-1.577553218390652,0.5395997887115925,B,-0.8917265885671909,Bom,0.0,0.0,0.0,0.0,1.0
228,-1.27265262363487,1.0930506927974921,A,-1.4443596139757442,Regular,1.0,0.0,0.0,0.0,0.0
229,1.5934129670694803,-0.37243267435383154,A,-0.6844892040389835,Regular,0.0,0.0,1.0,0.0,0.0
230,-0.41893095831868055,-0.05275177111626846,A,-0.2700144349825685,Bom,0.0,0.0,0.0,1.0,0.0
231,-1.5165730994394955,1.2225820670017638,A,-0.7190287681270181,Bom,1.0,0.0,0.0,0.0,0.0
232,1.2275322533625421,1.267632638206068,A,-0.23547487089453406,Bom,0.0,0.0,0.0,1.0,0.0
233,0.5567509448998217,-0.05012097394626637,A,-0.2700144349825685,Ruim,0.0,0.0,0.0,1.0,0.0
234,0.6787111828021345,-0.5719730266804147,A,-0.7190287681270181,Bom,0.0,0.0,1.0,0.0,0.0
235,0.6787111828021345,-1.0997480337110337,A,-0.3390935631586377,Regular,0.0,1.0,0.0,0.0,0.0
236,1.3494924912648547,-0.045791628696188656,B,-0.2700144349825685,Regular,1.0,0.0,0.0,0.0,0.0
237,-1.3336327425860264,-0.8118441341382183,A,1.6987407180354024,Ruim,0.0,0.0,1.0,0.0,0.0
238,-0.29697072041636774,1.1513967955251467,A,0.6970933594823995,Bom,0.0,1.0,0.0,0.0,0.0
239,0.2518503501440398,0.808970966847491,B,-1.6515969985039516,Ruim,0.0,0.0,1.0,0.0,0.0
240,0.8006714207044473,0.8962436362319501,B,-1.1680431012714674,Ruim,1.0,0.0,0.0,0.0,0.0
241,1.6543930860206368,0.9715264109074854,B,0.6970933594823995,Regular,0.0,0.0,1.0,0.0,0.0
242,0.129890112241727,0.02125221161392211,A,0.420776846778123,Bom,0.0,0.0,0.0,1.0,0.0
243,1.4714527291671675,1.3585806142120704,A,0.9043307440106069,Ruim,1.0,0.0,0.0,0.0,0.0
244,-0.7848116720256189,0.013074288314592524,B,1.6987407180354024,Bom,0.0,0.0,1.0,0.0,0.0
245,1.1055720154602293,-0.5423338507716242,A,1.284265948978987,Ruim,0.0,0.0,0.0,1.0,0.0
246,0.7396913017532909,0.6855846272202747,A,-0.2009353068064993,Ruim,0.0,0.0,0.0,1.0,0.0
247,0.8006714207044473,-1.3565875388710866,A,-0.5808705117748798,Ruim,1.0,0.0,0.0,0.0,0.0
248,-1.0897122667814008,-1.10042891720865,A,-0.8917265885671909,Bom,0.0,1.0,0.0,0.0,0.0
249,0.9226316586067601,-0.5414870171742302,A,0.9043307440106069,Bom,0.0,0.0,0.0,1.0,0.0
250,-1.4555929804883392,-0.8804156915433395,B,-1.6861365625919862,Ruim,0.0,0.0,0.0,1.0,0.0
251,0.19087023119288338,-0.10130681795705046,A,-1.4443596139757442,Ruim,1.0,0.0,0.0,0.0,0.0
252,-1.5165730994394955,-1.2322933545803818,B,-0.1318561786304304,Bom,0.0,1.0,0.0,0.0,0.0
253,0.129890112241727,0.37092371450098094,B,-0.6499496399509489,Bom,0.0,0.0,1.0,0.0,0.0
254,0.8616515396556037,0.5985535616575499,B,-1.6861365625919862,Ruim,0.0,1.0,0.0,0.0,0.0
255,0.00792987433941421,-1.021029115793047,B,0.07538120589777723,Bom,0.0,0.0,1.0,0.0,0.0
256,2.569094870287983,2.332090267917127,B,-2.7914026134090926,Bom,0.0,0.0,1.0,0.0,0.0
257,1.1665521344113856,0.8854080708935369,A,-0.7881078963030871,Ruim,0.0,0.0,1.0,0.0,0.0
258,-0.4799110772698369,-0.057535038698090665,B,-0.7190287681270181,Regular,0.0,0.0,0.0,1.0,0.0
259,-1.27265262363487,-0.36086253577963845,A,1.6642011539473678,Ruim,0.0,1.0,0.0,0.0,0.0
260,0.6177310638509781,1.0852315145667994,A,0.28261859042598453,Regular,0.0,0.0,1.0,0.0,0.0
261,-0.05305024461174218,-0.545943265441785,B,1.2497263848909526,Regular,1.0,0.0,0.0,0.0,0.0
262,-0.8457917909767753,0.7779993092551929,A,-0.3736331272466723,Regular,0.0,1.0,0.0,0.0,0.0
263,0.7396913017532909,-0.4648766417004752,B,-0.7881078963030871,Regular,1.0,0.0,0.0,0.0,0.0
264,-1.2116725046837136,0.05235077222369725,B,0.1789998981618809,Regular,0.0,0.0,0.0,1.0,0.0
265,-0.17501048251405496,1.0719457448140242,A,-1.1335035371834328,Ruim,0.0,0.0,1.0,0.0,0.0
266,0.6177310638509781,-0.4701357955978358,B,-0.16639574271846486,Regular,0.0,1.0,0.0,0.0,0.0
267,-0.7238315530744625,0.9671458163618879,B,-0.7535683322150527,Ruim,0.0,0.0,1.0,0.0,0.0
268,0.19087023119288338,-0.4114870779823515,A,-0.8226474603911217,Regular,1.0,0.0,0.0,0.0,0.0
269,-1.27265262363487,0.34287326675329544,A,-1.202582665359502,Bom,0.0,0.0,1.0,0.0,0.0
270,-0.8457917909767753,-1.2378941704478723,A,0.9734098721866761,Ruim,0.0,1.0,0.0,0.0,0.0
271,0.8006714207044473,-0.7055213694763592,A,-0.4427122554227414,Bom,1.0,0.0,0.0,0.0,0.0
272,1.532432848118324,-0.4648400350608183,A,-0.477251819510776,Ruim,1.0,0.0,0.0,0.0,0.0
273,-1.5165730994394955,0.3547020922477303,A,0.5934746672182959,Regular,1.0,0.0,0.0,0.0,0.0
274,-1.3336327425860264,-0.44468197882313953,B,0.4898559749541922,Ruim,0.0,1.0,0.0,0.0,0.0
275,-0.9067719099279317,-0.9944795402712903,B,-0.23547487089453406,Regular,1.0,0.0,0.0,0.0,0.0
276,1.7153732049717931,-1.3306041460426887,A,0.1789998981618809,Bom,1.0,0.0,0.0,0.0,0.0
277,0.19087023119288338,0.01873855569082167,B,-0.3390935631586377,Regular,0.0,1.0,0.0,0.0,0.0
278,0.0689099932905706,-1.2342188638263294,A,1.387884641243091,Regular,0.0,0.0,1.0,0.0,0.0
279,-0.6018713151721498,-0.5224393623394742,B,0.5934746672182959,Ruim,1.0,0.0,0.0,0.0,0.0
280,-0.11403036356289857,-0.9828142244339895,B,1.318805513067022,Regular,1.0,0.0,0.0,0.0,0.0
281,-1.1506923857325573,-0.031312482490601645,B,-0.477251819510776,Regular,0.0,1.0,0.0,0.0,0.0
282,-4.332898054653099e-16,-0.4574137680957752,A,-0.2700144349825685,Bom,1.0,0.0,0.0,0.0,0.0
283,-0.29697072041636774,0.6412905932355444,B,-0.7190287681270181,Bom,0.0,1.0,0.0,0.0,0.0
284,1.4104726102160112,1.3293465517821481,A,0.4898559749541922,Regular,0.0,0.0,0.0,1.0,0.0
285,-1.0287321478302445,-1.1641903621628678,A,1.3533450771550566,Ruim,0.0,0.0,0.0,1.0,0.0
286,-0.9067719099279317,0.4005506881965525,B,0.3862372826900882,Ruim,0.0,1.0,0.0,0.0,0.0
287,1.1665521344113856,-1.4272505556219333,A,0.0063020777217080185,Bom,1.0,0.0,0.0,0.0,0.0
288,0.2518503501440398,-0.6678751012533041,A,-1.617057434415917,Bom,1.0,0.0,0.0,0.0,0.0
289,0.0689099932905706,-0.7492077332427866,A,0.14446033407384642,Regular,0.0,1.0,0.0,0.0,0.0
290,1.7153732049717931,-0.29963427028967154,B,0.1789998981618809,Ruim,0.0,1.0,0.0,0.0,0.0
291,-0.662851434123306,1.0010191602576484,B,0.7661724876584687,Regular,1.0,0.0,0.0,0.0,0.0
292,0.5567509448998217,1.3877487846906098,A,0.8007120517465032,Ruim,0.0,1.0,0.0,0.0,0.0
293,0.9836117775579165,-0.39121676138305855,B,-0.6844892040389835,Regular,1.0,0.0,0.0,0.0,0.0
294,-1.4555929804883392,-0.057535038698090665,A,-1.202582665359502,Regular,0.0,0.0,0.0,1.0,0.0
295,1.0445918965090728,-0.3270160367529593,B,1.1461076926268492,Bom,1.0,0.0,0.0,0.0,0.0
296,-0.7848116720256189,-1.2135361124202364,B,1.2151868208029182,Ruim,0.0,1.0,0.0,0.0,0.0
297,-0.4799110772698369,-0.17384653510096917,B,-0.09731661454239564,Ruim,0.0,0.0,0.0,1.0,0.0
298,1.4714527291671675,-1.1268906367952303,A,-0.2700144349825685,Bom,0.0,0.0,1.0,0.0,0.0
299,-0.9067719099279317,0.8671096319504237,B,-0.9262661526552255,Bom,1.0,0.0,0.0,0.0,0.0
300,-0.662851434123306,0.7040441353778778,A,-0.9953452808312946,Bom,0.0,0.0,0.0,1.0,0.0
301,1.5934129670694803,-0.10391321070061482,A,0.8007120517465032,Bom,0.0,0.0,1.0,0.0,0.0
302,-0.7848116720256189,-0.7154320070527775,A,0.3171581545140193,Regular,0.0,0.0,1.0,0.0,0.0
303,0.129890112241727,-0.03951481021636897,B,-0.5117913835988106,,0.0,1.0,0.0,0.0,0.0
304,-1.394612861537183,0.7148162492075526,A,-0.23547487089453406,Ruim,1.0,0.0,0.0,0.0,0.0
305,-1.394612861537183,0.9887803403990577,B,0.28261859042598453,Regular,1.0,0.0,0.0,0.0,0.0
306,1.5934129670694803,-0.42102920871955796,B,1.5260428975952294,Bom,0.0,0.0,0.0,1.0,0.0
307,-0.11403036356289857,1.0690782247075747,A,0.1789998981618809,Ruim,0.0,1.0,0.0,0.0,0.0
308,-0.5408911962209934,0.6164956959746706,A,-0.3390935631586377,Ruim,0.0,1.0,0.0,0.0,0.0
309,-0.9067719099279317,-0.2553524385181603,A,-0.5808705117748798,Regular,1.0,0.0,0.0,0.0,0.0
310,-0.9677520288790881,-0.8941505027425717,A,0.07538120589777723,Regular,0.0,0.0,1.0,0.0,0.0
311,-0.11403036356289857,-0.10921873300820725,A,0.6625537953943651,Regular,0.0,0.0,1.0,0.0,0.0
312,0.9226316586067601,1.1248569817739653,B,-0.96080571674326,Bom,0.0,0.0,0.0,1.0,0.0
313,-0.6018713151721498,-0.7276391011569989,A,1.0770285644507798,Ruim,0.0,0.0,0.0,1.0,0.0
314,-0.7238315530744625,-0.6391096038109892,B,-1.5479783062398478,Ruim,0.0,0.0,0.0,1.0,0.0
315,1.7153732049717931,0.8553686623911653,A,0.14446033407384642,Ruim,0.0,1.0,0.0,0.0,0.0
316,-0.7848116720256189,-1.1946836929969833,A,-1.2371222294475366,Bom,1.0,0.0,0.0,0.0,0.0
317,-0.17501048251405496,-0.8038394822665977,A,1.4224242053311253,Ruim,0.0,1.0,0.0,0.0,0.0
318,-0.41893095831868055,-0.12694610837267456,A,0.8007120517465032,Regular,0.0,0.0,1.0,0.0,0.0
319,0.2518503501440398,-0.8574682093638124,B,0.5589351031302611,Regular,0.0,0.0,1.0,0.0,0.0
320,-1.3336327425860264,1.2777775582762896,A,-0.8917265885671909,Regular,0.0,0.0,1.0,0.0,0.0
321,-0.9067719099279317,-1.421027426880277,B,1.1806472567148836,Bom,0.0,1.0,0.0,0.0,0.0
322,-0.23599060146521136,-0.7921253575764211,B,0.21353946224991535,Bom,0.0,1.0,0.0,0.0,0.0
323,-0.4799110772698369,-0.10562884187919687,B,1.0424890003627452,Bom,0.0,0.0,0.0,1.0,0.0
324,1.7153732049717931,-0.22115207530813213,B,1.45696376941916,Ruim,0.0,0.0,0.0,1.0,0.0
325,0.3128304690951962,-1.1762363870525991,A,-1.0989639730953984,Ruim,0.0,1.0,0.0,0.0,0.0
326,-0.5408911962209934,1.2589275792956804,B,1.0424890003627452,Bom,0.0,0.0,1.0,0.0,0.0
327,-1.577553218390652,0.909539167755301,B,-1.0989639730953984,Bom,0.0,0.0,1.0,0.0,0.0
328,-0.8457917909767753,-0.3658068725759505,B,-0.7190287681270181,Regular,0.0,0.0,1.0,0.0,0.0
329,-1.2116725046837136,0.1306377317937337,A,-0.7190287681270181,Bom,0.0,1.0,0.0,0.0,0.0
330,1.532432848118324,0.4794184731158102,A,-1.0644244090073638,Ruim,0.0,0.0,0.0,1.0,0.0
331,0.6177310638509781,0.24079443184898186,A,0.6625537953943651,Bom,0.0,0.0,1.0,0.0,0.0
332,-1.27265262363487,-0.08452877478101627,B,1.4224242053311253,Bom,0.0,0.0,0.0,1.0,0.0
333,-0.8457917909767753,-0.15085756539649745,B,0.420776846778123,Bom,0.0,0.0,0.0,1.0,0.0
334,-1.2116725046837136,1.320248581606111,A,-0.9262661526552255,Ruim,0.0,0.0,0.0,1.0,0.0
335,-0.17501048251405496,-0.7539177875452951,A,1.5951220257712984,Bom,0.0,0.0,0.0,1.0,0.0
336,0.6787111828021345,-1.3613439615838272,B,-0.5463309476868452,Regular,1.0,0.0,0.0,0.0,0.0
337,-0.4799110772698369,-1.4408682255742635,A,1.4224242053311253,Ruim,0.0,1.0,0.0,0.0,0.0
338,-0.8457917909767753,-0.8639134183860533,B,0.0,Bom,1.0,0.0,0.0,0.0,0.0
339,-0.5408911962209934,-0.22543993303326568,B,0.6280142313063303,Regular,0.0,0.0,1.0,0.0,0.0
340,-0.7848116720256189,-0.901059395867132,A,0.14446033407384642,Bom,1.0,0.0,0.0,0.0,0.0
341,-0.9067719099279317,-0.5651739534748247,A,0.0,Bom,1.0,0.0,0.0,0.0,0.0
342,-0.6018713151721498,1.387714618493597,A,0.5243955390422266,Bom,0.0,0.0,1.0,0.0,0.0
343,0.0689099932905706,-1.3020119200280829,B,-0.3736331272466723,Bom,0.0,0.0,1.0,0.0,0.0
344,0.9226316586067601,-0.6303191294080693,A,-0.7190287681270181,Regular,1.0,0.0,0.0,0.0,0.0
345,0.2518503501440398,0.004427800027655854,B,-0.7881078963030871,Regular,0.0,0.0,0.0,1.0,0.0
346,1.3494924912648547,-0.503840748951175,B,-1.5479783062398478,Bom,0.0,0.0,0.0,1.0,0.0
347,0.43479070699750894,-1.4428425436730872,A,1.1461076926268492,Bom,1.0,0.0,0.0,0.0,0.0
348,0.8006714207044473,0.18182845668980524,B,-0.8571870244791563,Regular,0.0,0.0,0.0,1.0,0.0
349,-0.23599060146521136,-1.0161238260790353,B,0.7661724876584687,Bom,0.0,1.0,0.0,0.0,0.0
350,1.5934129670694803,0.09162237524751408,B,-1.617057434415917,Bom,0.0,0.0,0.0,1.0,0.0
351,1.4714527291671675,0.6037150978491589,B,-1.375280485799675,Regular,0.0,1.0,0.0,0.0,0.0
352,-0.4799110772698369,1.0605415563396086,B,-0.6154100758629143,Bom,0.0,0.0,0.0,1.0,0.0
353,1.1055720154602293,0.9244331892103315,A,1.1115681285388141,Bom,0.0,0.0,0.0,1.0,0.0
354,-0.5408911962209934,0.16820590585218745,B,0.8007120517465032,Regular,0.0,0.0,0.0,1.0,0.0
355,1.6543930860206368,-0.6662009575996665,A,1.1461076926268492,Regular,0.0,0.0,0.0,0.0,1.0
356,0.3128304690951962,0.6954928243540491,B,-1.6515969985039516,Regular,0.0,0.0,0.0,1.0,0.0
357,0.129890112241727,0.7489873271058554,B,-1.202582665359502,Regular,0.0,1.0,0.0,0.0,0.0
358,-1.0287321478302445,0.9855101472563835,B,-0.4427122554227414,Bom,1.0,0.0,0.0,0.0,0.0
359,-0.8457917909767753,-0.6106369594859288,A,-1.4788991780637786,Ruim,0.0,0.0,1.0,0.0,0.0
360,0.8616515396556037,1.3561206480271333,B,-0.9262661526552255,Ruim,0.0,0.0,1.0,0.0,0.0
361,-1.27265262363487,-0.7272120236943362,A,1.45696376941916,Regular,0.0,0.0,1.0,0.0,0.0
362,-0.9067719099279317,0.5944707011144947,A,1.5605824616832638,Ruim,0.0,0.0,1.0,0.0,0.0
363,-0.6018713151721498,0.4291136288994333,A,-1.202582665359502,Ruim,1.0,0.0,0.0,0.0,0.0
364,-0.17501048251405496,0.0428647716672978,B,1.1461076926268492,Regular,1.0,0.0,0.0,0.0,0.0
365,0.49577082594866534,-0.10498944590652476,A,-0.5808705117748798,Ruim,0.0,1.0,0.0,0.0,0.0
366,1.4714527291671675,-1.3417618498100818,B,-1.0989639730953984,Ruim,1.0,0.0,0.0,0.0,0.0
367,1.532432848118324,0.6194315484751463,B,1.3533450771550566,Bom,0.0,0.0,1.0,0.0,0.0
368,-0.9677520288790881,-0.0003603484394538018,B,1.5605824616832638,Regular,0.0,0.0,0.0,1.0,0.0
369,-1.0287321478302445,-1.290676063947693,A,-0.7535683322150527,Regular,0.0,1.0,0.0,0.0,0.0
370,1.2885123723136984,0.6393480008910899,B,-1.1335035371834328,Regular,0.0,0.0,1.0,0.0,0.0
371,-0.662851434123306,0.7372024295790092,B,-0.6844892040389835,Ruim,0.0,1.0,0.0,0.0,0.0
372,-1.577553218390652,-0.057535038698090665,B,0.8697911799225724,Ruim,0.0,1.0,0.0,0.0,0.0
373,-0.17501048251405496,-0.9413657465719146,A,0.731632923570434,Regular,0.0,0.0,1.0,0.0,0.0
374,1.7153732049717931,-0.881875076244324,A,-1.4788991780637786,Regular,0.0,1.0,0.0,0.0,0.0
375,-0.4799110772698369,-0.9741018441956706,A,-0.6499496399509489,Bom,0.0,1.0,0.0,0.0,0.0
376,-0.41893095831868055,0.8611037026040642,A,-0.4427122554227414,Regular,0.0,1.0,0.0,0.0,0.0
377,-1.1506923857325573,0.893019811499508,A,0.6970933594823995,Bom,1.0,0.0,0.0,0.0,0.0
378,-1.1506923857325573,-1.1372673989166118,B,0.3862372826900882,Ruim,0.0,0.0,1.0,0.0,0.0
379,1.2885123723136984,-0.25261426187183145,B,0.14446033407384642,Bom,0.0,1.0,0.0,0.0,0.0
380,0.6177310638509781,-0.05841847893514145,B,0.4898559749541922,Ruim,0.0,0.0,0.0,1.0,0.0
381,-0.662851434123306,-0.6280031493391157,A,0.45531641086615743,Ruim,0.0,0.0,0.0,1.0,0.0
382,0.49577082594866534,1.3864968376143474,A,0.2480790263379501,Regular,0.0,0.0,1.0,0.0,0.0
383,-0.7238315530744625,0.8430810336796987,B,0.3171581545140193,Ruim,0.0,0.0,0.0,1.0,0.0
384,1.0445918965090728,1.1627887817863436,B,-0.3390935631586377,Regular,0.0,1.0,0.0,0.0,0.0
385,1.2885123723136984,-0.09281163711402876,B,-0.7535683322150527,Bom,0.0,0.0,1.0,0.0,0.0
386,0.129890112241727,-0.46103538497915486,A,0.6625537953943651,Bom,0.0,1.0,0.0,0.0,0.0
387,-1.3336327425860264,0.49949111386095657,B,-0.8226474603911217,Regular,0.0,0.0,1.0,0.0,0.0
388,-0.17501048251405496,0.6807549912282204,A,0.4898559749541922,Ruim,1.0,0.0,0.0,0.0,0.0
389,0.00792987433941421,1.0534325469182575,A,1.6987407180354024,Bom,0.0,0.0,1.0,0.0,0.0
390,0.9226316586067601,0.09293045250458394,A,0.3171581545140193,Bom,0.0,1.0,0.0,0.0,0.0
391,-4.332898054653099e-16,0.9941639568712513,A,-1.1335035371834328,Ruim,1.0,0.0,0.0,0.0,0.0
392,-1.394612861537183,-0.057535038698090665,A,1.5605824616832638,Bom,0.0,1.0,0.0,0.0,0.0
393,0.49577082594866534,0.2979642412223313,B,-1.2716617935355712,Ruim,0.0,1.0,0.0,0.0,0.0
394,1.7153732049717931,-1.274537416744331,B,-1.6861365625919862,Bom,0.0,0.0,0.0,1.0,0.0
395,-1.577553218390652,0.14916313190271918,A,1.2151868208029182,Ruim,0.0,0.0,0.0,1.0,0.0
396,0.6787111828021345,0.021064297530350422,B,-0.06277705045436119,Regular,0.0,0.0,0.0,1.0,0.0
397,-1.394612861537183,-0.06432435013310545,A,1.7332802821234368,Regular,0.0,1.0,0.0,0.0,0.0
398,-0.4799110772698369,-1.1238815710154413,A,0.04084164180974247,Ruim,0.0,0.0,1.0,0.0,0.0
399,-1.2116725046837136,-0.37091715947203996,B,-0.028237486366326434,Regular,0.0,0.0,1.0,0.0,0.0
400,1.1055720154602293,0.7852889114321838,A,0.7661724876584687,Ruim,0.0,0.0,1.0,0.0,0.0
401,1.3494924912648547,-0.6001332943470704,A,-0.6499496399509489,Regular,0.0,0.0,1.0,0.0,0.0
402,-0.17501048251405496,1.1953662506382534,B,0.420776846778123,Regular,1.0,0.0,0.0,0.0,0.0
403,-0.4799110772698369,-0.11187881548993499,B,0.6970933594823995,Regular,0.0,0.0,0.0,1.0,0.0
404,-0.17501048251405496,0.3639513698676822,B,-0.5808705117748798,Bom,1.0,0.0,0.0,0.0,0.0
405,-0.9677520288790881,-0.5286673719664182,A,0.10992076998581168,Ruim,0.0,1.0,0.0,0.0,0.0
406,-0.41893095831868055,0.6165103386305332,B,-1.1335035371834328,Regular,0.0,0.0,1.0,0.0,0.0
407,-0.662851434123306,0.8117847972157769,A,1.6987407180354024,Ruim,0.0,0.0,1.0,0.0,0.0
408,-1.5165730994394955,0.3592535177783926,A,-0.8571870244791563,Ruim,0.0,0.0,0.0,1.0,0.0
409,-1.2116725046837136,1.2680450730128676,B,0.07538120589777723,Bom,0.0,0.0,1.0,0.0,0.0
410,1.1665521344113856,-0.8297374596024631,A,1.5951220257712984,Bom,0.0,1.0,0.0,0.0,0.0
411,-0.5408911962209934,0.061460944612953324,A,-0.7190287681270181,Ruim,0.0,0.0,1.0,0.0,0.0
412,1.6543930860206368,0.1164904857877016,A,-0.2700144349825685,Bom,0.0,0.0,1.0,0.0,0.0
413,-0.4799110772698369,1.179269090959836,A,-0.4427122554227414,Bom,0.0,0.0,0.0,1.0,0.0
414,0.8006714207044473,-0.582935495036305,A,1.5951220257712984,Bom,0.0,1.0,0.0,0.0,0.0
415,-0.9677520288790881,-0.9335416874559342,A,-0.6844892040389835,Ruim,0.0,0.0,0.0,1.0,0.0
416,0.0689099932905706,-1.1430219626706608,B,-1.2371222294475366,Regular,0.0,0.0,1.0,0.0,0.0
417,-0.17501048251405496,0.7987747974817497,A,-0.2700144349825685,Regular,0.0,0.0,0.0,1.0,0.0
418,-0.11403036356289857,-1.3236903720328408,B,-1.202582665359502,Ruim,0.0,0.0,1.0,0.0,0.0
419,-0.9067719099279317,0.40163424473039394,A,-0.6499496399509489,Bom,1.0,0.0,0.0,0.0,0.0
420,0.00792987433941421,-0.9289146082033144,A,0.5243955390422266,Regular,1.0,0.0,0.0,0.0,0.0
421,-1.0287321478302445,1.1493541450322975,B,-0.96080571674326,Regular,0.0,1.0,0.0,0.0,0.0
422,1.2275322533625421,-0.6282252296197003,B,0.3171581545140193,Regular,0.0,0.0,1.0,0.0,0.0
423,1.2885123723136984,0.4190541243217439,B,1.5605824616832638,Regular,0.0,0.0,1.0,0.0,0.0
424,1.7153732049717931,-0.8486679731903173,A,0.0063020777217080185,Bom,0.0,0.0,1.0,0.0,0.0
425,0.6177310638509781,-0.05974852017600521,B,-1.4098200498877094,Regular,0.0,0.0,1.0,0.0,0.0
426,-0.9677520288790881,-0.4341026599623237,A,-1.3062013576236058,Regular,0.0,0.0,0.0,1.0,0.0
427,0.49577082594866534,0.8725664617019311,B,0.10992076998581168,Ruim,0.0,0.0,0.0,1.0,0.0
428,1.4104726102160112,-0.2020068027676248,B,-1.202582665359502,Bom,0.0,0.0,0.0,1.0,0.0
429,0.8616515396556037,-1.0019985440567976,A,-0.30455399907060327,Regular,0.0,0.0,0.0,1.0,0.0
430,1.2885123723136984,0.9585164111734576,B,-0.6499496399509489,Regular,0.0,1.0,0.0,0.0,0.0
431,-0.4799110772698369,-0.5803803515882602,A,1.491503333507195,Bom,1.0,0.0,0.0,0.0,0.0
432,-2.065394169999903,3.389199724827745,B,-3.4131147669937154,Bom,0.0,0.0,1.0,0.0,0.0
433,-1.3336327425860264,1.3131688574964857,A,0.8352516158345379,Bom,1.0,0.0,0.0,0.0,0.0
434,0.129890112241727,-0.6506284930896631,A,0.9388703080986416,Regular,0.0,1.0,0.0,0.0,0.0
435,0.2518503501440398,0.1640986408826943,A,0.2480790263379501,Bom,0.0,0.0,1.0,0.0,0.0
436,-1.4555929804883392,0.4762166123671622,A,0.1789998981618809,Regular,0.0,1.0,0.0,0.0,0.0
437,-1.0897122667814008,0.6530071583683649,A,-1.617057434415917,Regular,1.0,0.0,0.0,0.0,0.0
438,1.6543930860206368,-1.3105510288386928,B,1.6296615898593327,Ruim,1.0,0.0,0.0,0.0,0.0
439,-0.35795083936752414,1.3104453235060194,A,0.10992076998581168,Regular,0.0,0.0,0.0,1.0,0.0
440,0.7396913017532909,0.11695905077530869,A,1.387884641243091,Ruim,1.0,0.0,0.0,0.0,0.0
441,0.43479070699750894,-0.4368383961660087,A,0.8007120517465032,Regular,0.0,1.0,0.0,0.0,0.0
442,-1.5165730994394955,-0.8629079560168131,A,-0.1318561786304304,Regular,1.0,0.0,0.0,0.0,0.0
443,-1.577553218390652,-1.2836109824939304,A,-1.2716617935355712,Regular,1.0,0.0,0.0,0.0,0.0
444,-0.41893095831868055,0.03365210068700267,B,-1.0298848449193292,Ruim,0.0,0.0,0.0,1.0,0.0
445,-1.394612861537183,-0.8548203290953037,A,1.284265948978987,Ruim,0.0,1.0,0.0,0.0,0.0
446,0.2518503501440398,-0.6343141340159483,A,0.9388703080986416,Bom,0.0,1.0,0.0,0.0,0.0
447,-0.7848116720256189,0.5707520390595309,A,0.8352516158345379,Ruim,0.0,1.0,0.0,0.0,0.0
448,-0.9677520288790881,-1.4380763591897716,A,1.0424890003627452,Ruim,0.0,1.0,0.0,0.0,0.0
449,-0.23599060146521136,0.6937796336181107,A,-0.5463309476868452,Regular,1.0,0.0,0.0,0.0,0.0
450,0.7396913017532909,-0.4466440947087441,B,1.7332802821234368,Ruim,1.0,0.0,0.0,0.0,0.0
451,1.532432848118324,-0.015342225829660766,A,-0.6499496399509489,Ruim,0.0,0.0,1.0,0.0,0.0
452,-1.4555929804883392,-0.09133028842925003,A,-1.2371222294475366,Ruim,0.0,0.0,1.0,0.0,0.0
453,0.37381058804635253,0.22138315106030151,B,1.6987407180354024,Bom,0.0,1.0,0.0,0.0,0.0
454,3.9716376061645797,-1.6394860905814954,B,-2.9986399979373,Regular,0.0,0.0,1.0,0.0,0.0
455,-1.4555929804883392,1.193123483848613,B,0.3862372826900882,Regular,0.0,1.0,0.0,0.0,0.0
456,0.6787111828021345,-1.1558538100916917,A,-1.3407409217116404,Ruim,0.0,1.0,0.0,0.0,0.0
457,0.6177310638509781,1.0804506874276212,A,-1.7206761266800208,Ruim,0.0,0.0,0.0,1.0,0.0
458,-1.2116725046837136,-1.0072015677733508,B,0.9734098721866761,Ruim,0.0,1.0,0.0,0.0,0.0
459,-1.5165730994394955,0.4027934549861927,B,-0.6844892040389835,Bom,0.0,1.0,0.0,0.0,0.0
460,-0.29697072041636774,-0.3497853666194901,A,0.5934746672182959,Regular,0.0,0.0,0.0,1.0,0.0
461,1.4104726102160112,0.24691262155695526,A,-0.16639574271846486,Regular,0.0,1.0,0.0,0.0,0.0
462,1.7153732049717931,-0.8237901008795547,A,-1.5479783062398478,Bom,0.0,0.0,0.0,1.0,0.0
463,-2.0044140510487467,-1.5326239880953594,A,2.976704589292681,Ruim,1.0,0.0,0.0,0.0,0.0
464,0.5567509448998217,-0.7505133700572126,A,-0.3736331272466723,Bom,0.0,1.0,0.0,0.0,0.0
465,0.00792987433941421,-0.16344536855314967,A,0.9043307440106069,Bom,0.0,0.0,1.0,0.0,0.0
466,-0.41893095831868055,-0.057535038698090665,B,-0.9262661526552255,Ruim,0.0,0.0,0.0,1.0,0.0
467,0.9226316586067601,-0.042428698733050524,B,-1.4443596139757442,Ruim,0.0,0.0,1.0,0.0,0.0
468,-0.9677520288790881,0.9242989648649234,A,-0.8917265885671909,Bom,0.0,0.0,0.0,1.0,0.0
469,0.6177310638509781,-0.780245282786467,B,0.28261859042598453,Bom,0.0,0.0,1.0,0.0,0.0
470,-1.4555929804883392,-1.4324535793384867,B,1.4224242053311253,Regular,0.0,0.0,0.0,1.0,0.0
471,1.4714527291671675,-0.3463126167373816,A,1.6987407180354024,Ruim,0.0,0.0,1.0,0.0,0.0
472,-0.5408911962209934,1.1451517027996962,A,-1.617057434415917,Bom,0.0,0.0,0.0,1.0,0.0
473,-0.4799110772698369,-0.9021844399259178,A,0.9734098721866761,Bom,0.0,1.0,0.0,0.0,0.0
474,1.4104726102160112,-0.1973065102356914,A,0.9734098721866761,Bom,0.0,1.0,0.0,0.0,0.0
475,0.8006714207044473,1.2100992028787945,A,0.9388703080986416,Ruim,0.0,1.0,0.0,0.0,0.0
476,-0.23599060146521136,1.25002728497379,B,1.45696376941916,Ruim,0.0,0.0,0.0,1.0,0.0
477,0.19087023119288338,0.28404639682481503,B,0.07538120589777723,Ruim,0.0,0.0,1.0,0.0,0.0
478,-1.5165730994394955,-0.03455583076419428,B,-0.8917265885671909,Regular,0.0,0.0,1.0,0.0,0.0
479,0.6787111828021345,0.3518272508133493,A,-0.3390935631586377,Bom,0.0,0.0,1.0,0.0,0.0
480,1.4714527291671675,0.47320022525944155,B,0.3171581545140193,Regular,1.0,0.0,0.0,0.0,0.0
481,1.0445918965090728,-0.9317504025553947,A,0.6280142313063303,Regular,0.0,0.0,0.0,1.0,0.0
482,0.9226316586067601,1.0111128310323507,B,1.1115681285388141,Bom,0.0,1.0,0.0,0.0,0.0
483,-0.8457917909767753,-0.20535753051754418,B,0.07538120589777723,Bom,0.0,0.0,1.0,0.0,0.0
484,0.6177310638509781,0.21455967342827365,B,1.5605824616832638,Bom,0.0,0.0,0.0,1.0,0.0
485,-1.0897122667814008,0.12019507772097002,A,1.0424890003627452,Regular,1.0,0.0,0.0,0.0,0.0
486,1.1665521344113856,1.3041733859114875,A,1.45696376941916,Bom,0.0,0.0,1.0,0.0,0.0
487,-0.05305024461174218,-0.8128276325236644,A,-0.30455399907060327,Bom,0.0,1.0,0.0,0.0,0.0
488,-1.0287321478302445,0.6059456624255803,B,-0.6154100758629143,Ruim,0.0,0.0,1.0,0.0,0.0
489,-0.7238315530744625,0.005150171050216753,A,1.6296615898593327,Ruim,0.0,0.0,1.0,0.0,0.0
490,1.4714527291671675,-0.6868178170543774,A,0.9043307440106069,Regular,0.0,0.0,0.0,1.0,0.0
491,0.2518503501440398,0.5637772539835882,B,0.2480790263379501,Regular,0.0,1.0,0.0,0.0,0.0
492,0.9836117775579165,-0.45522713148694227,B,-1.4788991780637786,Bom,0.0,1.0,0.0,0.0,0.0
493,0.6177310638509781,-0.7833519662720075,A,-0.4427122554227414,Bom,0.0,1.0,0.0,0.0,0.0
494,-0.35795083936752414,-0.40681118987685605,A,1.6296615898593327,Ruim,0.0,0.0,1.0,0.0,0.0
495,-0.17501048251405496,0.3541383499970152,B,-0.7535683322150527,Regular,0.0,1.0,0.0,0.0,0.0
496,0.9836117775579165,1.0680141917148835,B,-1.202582665359502,Ruim,0.0,1.0,0.0,0.0,0.0
497,-1.2116725046837136,-0.5025326716941054,A,0.8007120517465032,Bom,0.0,0.0,0.0,1.0,0.0
498,-1.4555929804883392,1.2019115178088895,A,0.9388703080986416,Regular,0.0,0.0,1.0,0.0,0.0
499,4.398498438822674,-1.5677590408379576,A,-2.653244357056954,Regular,0.0,1.0,0.0,0.0,0.0
500,-1.577553218390652,-0.6516534790000534,B,-0.7881078963030871,Ruim,0.0,0.0,1.0,0.0,0.0
501,-0.4799110772698369,0.8964876804963289,B,1.2151868208029182,Regular,1.0,0.0,0.0,0.0,0.0
502,-0.662851434123306,-1.2919621772209688,A,0.8697911799225724,Ruim,1.0,0.0,0.0,0.0,0.0
503,-0.11403036356289857,0.020930073184942326,A,0.731632923570434,Bom,0.0,0.0,0.0,1.0,0.0
504,0.5567509448998217,0.12195463686714009,B,-1.5479783062398478,Ruim,0.0,0.0,1.0,0.0,0.0
505,1.3494924912648547,-1.2321444875791105,B,1.0079494362747108,Bom,0.0,0.0,1.0,0.0,0.0
506,1.532432848118324,1.1682675755216452,A,0.6970933594823995,Ruim,0.0,1.0,0.0,0.0,0.0
507,0.9226316586067601,-0.5848585638396091,A,0.1789998981618809,Ruim,1.0,0.0,0.0,0.0,0.0
508,-0.7238315530744625,1.1415056814898787,B,0.10992076998581168,Bom,0.0,0.0,0.0,1.0,0.0
509,1.6543930860206368,-0.1462109626027274,B,-0.30455399907060327,Regular,0.0,0.0,1.0,0.0,0.0
510,0.49577082594866534,-0.1341795803688587,A,-0.09731661454239564,Regular,1.0,0.0,0.0,0.0,0.0
511,0.43479070699750894,-0.7813190775497332,B,-0.477251819510776,Bom,1.0,0.0,0.0,0.0,0.0
512,0.9226316586067601,0.47439360171225314,B,-1.5134387421518134,Regular,1.0,0.0,0.0,0.0,0.0
513,-0.17501048251405496,-0.9712880138273845,B,0.45531641086615743,Regular,0.0,0.0,1.0,0.0,0.0
514,1.1665521344113856,0.7532703039457014,A,0.5243955390422266,Regular,0.0,1.0,0.0,0.0,0.0
515,0.5567509448998217,-0.13258353087982214,A,-0.09731661454239564,Bom,0.0,0.0,0.0,1.0,0.0
516,-0.7848116720256189,1.0542915827288704,B,-0.477251819510776,Bom,1.0,0.0,0.0,0.0,0.0
517,0.00792987433941421,1.361733666107843,A,-0.8917265885671909,Bom,0.0,0.0,0.0,1.0,0.0
518,0.3128304690951962,1.178258747705308,B,-0.9262661526552255,Ruim,0.0,0.0,0.0,1.0,0.0
519,-0.5408911962209934,-0.6324130291964384,A,0.3862372826900882,Regular,1.0,0.0,0.0,0.0,0.0
520,-0.41893095831868055,0.12826806198661672,B,-0.8226474603911217,Regular,0.0,1.0,0.0,0.0,0.0
521,-0.29697072041636774,-0.8406828448598468,A,0.8697911799225724,Bom,0.0,1.0,0.0,0.0,0.0
522,0.0689099932905706,0.7987259886288738,A,-1.5479783062398478,Regular,0.0,0.0,0.0,1.0,0.0
523,0.00792987433941421,-0.30159882661792,B,0.1789998981618809,Bom,0.0,1.0,0.0,0.0,0.0
524,-0.7848116720256189,0.5125645651037223,B,0.21353946224991535,Regular,1.0,0.0,0.0,0.0,0.0
525,-1.5165730994394955,-1.1214289261584354,B,1.1461076926268492,Regular,1.0,0.0,0.0,0.0,0.0
526,1.1665521344113856,-0.022504924989175085,A,-0.5808705117748798,Bom,0.0,1.0,0.0,0.0,0.0
527,0.9836117775579165,-0.880674378463581,A,-0.96080571674326,Ruim,0.0,1.0,0.0,0.0,0.0
528,-1.577553218390652,-0.5795432797614413,B,-0.16639574271846486,Bom,0.0,0.0,0.0,1.0,0.0
529,-0.05305024461174218,0.6824291348818583,B,-0.96080571674326,Bom,0.0,0.0,0.0,1.0,0.0
530,0.129890112241727,-0.20028385026111145,B,0.8007120517465032,Bom,0.0,0.0,1.0,0.0,0.0
531,-0.05305024461174218,0.3991059461514307,A,-0.09731661454239564,Regular,0.0,0.0,0.0,1.0,0.0
532,-0.4799110772698369,0.34670476170404085,A,-0.5117913835988106,Regular,1.0,0.0,0.0,0.0,0.0
533,0.129890112241727,-1.1136463545673994,B,0.8007120517465032,Bom,0.0,1.0,0.0,0.0,0.0
534,0.37381058804635253,0.6131864557496958,A,0.8352516158345379,Bom,0.0,0.0,1.0,0.0,0.0
535,1.1055720154602293,-0.43075681309769204,B,-0.40817269133470696,Regular,0.0,0.0,0.0,1.0,0.0
536,0.8616515396556037,0.1893108538356555,B,0.2480790263379501,Ruim,0.0,1.0,0.0,0.0,0.0
537,0.0689099932905706,-1.0394495768683496,A,-0.8571870244791563,Regular,0.0,1.0,0.0,0.0,0.0
538,1.3494924912648547,0.4928384672139937,B,1.3533450771550566,Regular,1.0,0.0,0.0,0.0,0.0
539,0.6177310638509781,1.1598041204329925,B,-0.8571870244791563,Ruim,0.0,0.0,1.0,0.0,0.0
540,0.7396913017532909,0.08881830664980311,B,1.6296615898593327,Ruim,0.0,1.0,0.0,0.0,0.0
541,-0.662851434123306,1.2175352316144126,B,1.45696376941916,Ruim,1.0,0.0,0.0,0.0,0.0
542,0.49577082594866534,0.34097704281907343,A,-1.4788991780637786,Regular,0.0,1.0,0.0,0.0,0.0
543,0.8616515396556037,-0.5683611715676102,A,1.491503333507195,Bom,0.0,0.0,0.0,1.0,0.0
544,0.6787111828021345,-1.4385180793082968,A,-0.9953452808312946,Bom,0.0,0.0,0.0,1.0,0.0
545,-1.1506923857325573,-0.09204777856652348,A,-0.1318561786304304,Bom,0.0,0.0,0.0,1.0,0.0
546,1.5934129670694803,-0.951537511511218,A,1.45696376941916,Regular,0.0,0.0,1.0,0.0,0.0
547,-1.0897122667814008,1.036783847202344,A,0.4898559749541922,Regular,0.0,0.0,1.0,0.0,0.0
548,-0.5408911962209934,0.05063270060247114,,0.6625537953943651,Bom,0.0,0.0,1.0,0.0,0.0
549,0.49577082594866534,0.8109257614051644,A,0.5934746672182959,Ruim,0.0,0.0,1.0,0.0,0.0
550,-1.5165730994394955,0.8871041785309689,A,1.5951220257712984,Regular,0.0,0.0,0.0,1.0,0.0
551,-0.17501048251405496,-0.4736793183166141,A,0.35169771860205373,Regular,0.0,1.0,0.0,0.0,0.0
552,0.6177310638509781,-0.9156459215490457,B,-1.0644244090073638,Bom,0.0,1.0,0.0,0.0,0.0
553,0.5567509448998217,0.39356126046474726,B,0.9734098721866761,Regular,0.0,1.0,0.0,0.0,0.0
554,1.2885123723136984,-0.9025749107489236,B,-1.2371222294475366,Regular,1.0,0.0,0.0,0.0,0.0
555,-1.577553218390652,0.5684946296140281,A,-0.40817269133470696,Regular,0.0,0.0,1.0,0.0,0.0
556,-0.9067719099279317,1.0503112207768543,A,0.7661724876584687,Ruim,0.0,0.0,0.0,1.0,0.0
557,-1.0897122667814008,-1.3127547485460322,B,0.9388703080986416,Ruim,0.0,0.0,1.0,0.0,0.0
558,-0.4799110772698369,-1.2681654210014037,A,-0.8571870244791563,Bom,0.0,0.0,1.0,0.0,0.0
559,-0.6018713151721498,-0.057535038698090665,B,0.731632923570434,Ruim,0.0,0.0,0.0,1.0,0.0
560,-1.27265262363487,0.15195499828721118,B,-1.4443596139757442,Regular,0.0,0.0,0.0,1.0,0.0
561,-0.8457917909767753,0.5000353325705209,B,1.45696376941916,Ruim,0.0,0.0,1.0,0.0,0.0
562,-0.05305024461174218,0.09107815653794973,A,-0.3390935631586377,Ruim,0.0,0.0,1.0,0.0,0.0
563,-0.05305024461174218,0.8839120795528957,A,1.7332802821234368,Regular,1.0,0.0,0.0,0.0,0.0
564,0.7396913017532909,-0.8585542063402974,B,0.8352516158345379,Bom,1.0,0.0,0.0,0.0,0.0
565,-0.41893095831868055,-0.4474982496340695,B,1.2151868208029182,Regular,0.0,1.0,0.0,0.0,0.0
566,0.43479070699750894,-1.1215753527170627,A,-1.5825178703278824,Ruim,0.0,0.0,1.0,0.0,0.0
567,-0.23599060146521136,0.41050037285527136,A,0.35169771860205373,Bom,0.0,0.0,0.0,1.0,0.0
568,-0.4799110772698369,0.36034195519752127,B,-0.40817269133470696,Regular,0.0,0.0,0.0,1.0,0.0
569,-1.2116725046837136,1.3561621355520777,A,-0.6844892040389835,Ruim,0.0,0.0,0.0,1.0,0.0
570,-0.35795083936752414,0.976287714505513,B,0.04084164180974247,Ruim,0.0,0.0,0.0,1.0,0.0
571,1.1055720154602293,1.192337661317314,A,0.3862372826900882,Ruim,0.0,1.0,0.0,0.0,0.0
572,-0.6018713151721498,0.2574553337781139,B,0.07538120589777723,Ruim,0.0,0.0,0.0,1.0,0.0
573,-0.23599060146521136,1.3131176082009661,B,1.387884641243091,Bom,0.0,0.0,0.0,1.0,0.0
574,-0.23599060146521136,0.769389427607913,,1.1806472567148836,Ruim,0.0,0.0,1.0,0.0,0.0
575,0.3128304690951962,0.16068446162403663,A,-0.2700144349825685,Bom,0.0,0.0,1.0,0.0,0.0
576,-0.23599060146521136,1.212756844917878,B,0.731632923570434,Bom,1.0,0.0,0.0,0.0,0.0
577,0.2518503501440398,-0.5047193083029384,A,-0.8571870244791563,Bom,0.0,0.0,0.0,1.0,0.0
578,-0.17501048251405496,-0.09694330650995965,B,-1.0644244090073638,Bom,0.0,1.0,0.0,0.0,0.0
579,0.5567509448998217,0.3874772369537867,B,-0.23547487089453406,Bom,0.0,1.0,0.0,0.0,0.0
580,-0.662851434123306,-1.3071612540064728,B,1.284265948978987,Regular,0.0,0.0,0.0,1.0,0.0
581,0.6787111828021345,-0.867740032451511,A,1.3533450771550566,Ruim,0.0,0.0,0.0,1.0,0.0
582,-1.394612861537183,0.561366096651527,B,1.284265948978987,Regular,0.0,0.0,0.0,1.0,0.0
583,-1.577553218390652,-0.49290268502172274,A,-1.4788991780637786,Regular,1.0,0.0,0.0,0.0,0.0
584,-1.0897122667814008,-1.018190880998323,B,1.6296615898593327,Bom,0.0,1.0,0.0,0.0,0.0
585,-0.11403036356289857,0.7352622776771984,B,-1.3407409217116404,Regular,0.0,0.0,1.0,0.0,0.0
586,0.0689099932905706,0.7681423614169378,B,-0.9262661526552255,Regular,0.0,1.0,0.0,0.0,0.0
587,0.2518503501440398,-0.34577083847046086,B,0.5243955390422266,Regular,0.0,0.0,0.0,1.0,0.0
588,0.9836117775579165,-0.8001324498906855,,-0.40817269133470696,Ruim,0.0,0.0,1.0,0.0,0.0
589,-1.1506923857325573,0.007632101218947937,B,-0.028237486366326434,,0.0,0.0,0.0,1.0,0.0
590,-0.35795083936752414,0.4941953533239395,A,-0.477251819510776,Regular,0.0,0.0,1.0,0.0,0.0
591,-0.5408911962209934,-0.5973780346022352,A,-1.0298848449193292,Regular,0.0,1.0,0.0,0.0,0.0
592,-1.4555929804883392,1.3901843464491093,A,0.5589351031302611,Regular,0.0,1.0,0.0,0.0,0.0
593,-1.5165730994394955,0.9647688252268396,,1.491503333507195,Ruim,0.0,0.0,0.0,1.0,0.0
594,-1.27265262363487,1.0142756446986987,A,0.731632923570434,Ruim,1.0,0.0,0.0,0.0,0.0
595,1.6543930860206368,-0.014861458628834928,B,-0.5117913835988106,Bom,0.0,0.0,0.0,0.0,1.0
596,-0.9067719099279317,0.8445452992659708,A,0.7661724876584687,Regular,1.0,0.0,0.0,0.0,0.0
597,-1.0897122667814008,-1.1135926648292362,B,-0.8571870244791563,Bom,0.0,0.0,1.0,0.0,0.0
598,1.7153732049717931,-0.7881571978376237,A,0.14446033407384642,Ruim,0.0,0.0,1.0,0.0,0.0
599,0.8616515396556037,-1.0271692694848142,A,0.3862372826900882,Regular,0.0,0.0,0.0,1.0,0.0
600,-0.17501048251405496,0.9592339013107312,A,1.318805513067022,Ruim,0.0,1.0,0.0,0.0,0.0
601,-1.2116725046837136,1.1934260987364427,B,0.3862372826900882,Regular,0.0,0.0,1.0,0.0,0.0
602,-0.5408911962209934,0.9749039835264863,B,-0.40817269133470696,Bom,0.0,0.0,0.0,1.0,0.0
603,-0.6018713151721498,0.17159324024176353,A,0.14446033407384642,Ruim,0.0,0.0,0.0,1.0,0.0
604,-4.332898054653099e-16,-1.2584085313115443,A,1.284265948978987,Bom,0.0,0.0,1.0,0.0,0.0
605,1.4104726102160112,0.783136441020364,B,-1.375280485799675,Regular,0.0,0.0,0.0,1.0,0.0
606,0.9836117775579165,0.6877688233864636,B,0.2480790263379501,Bom,0.0,0.0,1.0,0.0,0.0
607,-0.662851434123306,-1.2817147585597082,A,1.1806472567148836,Regular,0.0,1.0,0.0,0.0,0.0
608,-0.8457917909767753,0.7965539946759036,B,0.0063020777217080185,Bom,0.0,0.0,0.0,1.0,0.0
609,0.2518503501440398,0.7071630210766375,A,-0.3736331272466723,Bom,0.0,1.0,0.0,0.0,0.0
610,0.6787111828021345,-0.07042545674257242,A,-1.0989639730953984,Ruim,0.0,0.0,0.0,1.0,0.0
611,0.0689099932905706,-1.0187863490034068,B,0.0,Regular,0.0,0.0,0.0,1.0,0.0
612,0.6177310638509781,-0.4323113750617842,B,0.0063020777217080185,Bom,0.0,0.0,1.0,0.0,0.0
613,0.6787111828021345,-1.391427298053787,B,1.2151868208029182,Regular,0.0,0.0,0.0,1.0,0.0
614,-1.394612861537183,-0.9313770148308953,B,0.3862372826900882,Bom,0.0,0.0,0.0,1.0,0.0
615,0.9836117775579165,1.341314482507279,B,0.7661724876584687,Bom,0.0,0.0,1.0,0.0,0.0
616,-0.4799110772698369,0.7220814469581059,A,1.284265948978987,,0.0,0.0,0.0,0.0,1.0
617,0.5567509448998217,1.1585961013243178,B,-0.30455399907060327,Regular,0.0,0.0,1.0,0.0,0.0
618,0.2518503501440398,-0.14743606480990848,B,-0.16639574271846486,Regular,0.0,1.0,0.0,0.0,0.0
619,0.9836117775579165,-0.9538071231699397,B,1.284265948978987,Ruim,1.0,0.0,0.0,0.0,0.0
620,-0.8457917909767753,-1.2620618739492928,A,-0.9953452808312946,Bom,0.0,0.0,0.0,1.0,0.0
621,-0.23599060146521136,-0.4554394499969517,A,0.8697911799225724,Bom,0.0,0.0,1.0,0.0,0.0
622,1.4104726102160112,-0.1560874339821326,B,0.3862372826900882,Bom,0.0,1.0,0.0,0.0,0.0
623,1.5934129670694803,0.5642555807417706,B,-0.6499496399509489,Regular,1.0,0.0,0.0,0.0,0.0
624,0.8616515396556037,-0.186827249523271,A,1.6296615898593327,Regular,0.0,1.0,0.0,0.0,0.0
625,1.3494924912648547,1.2962614708603308,B,0.5589351031302611,Bom,0.0,0.0,0.0,1.0,0.0
626,0.0689099932905706,-0.057535038698090665,A,-0.7190287681270181,Bom,0.0,0.0,1.0,0.0,0.0
627,0.3128304690951962,1.028515627525194,A,1.318805513067022,Ruim,0.0,1.0,0.0,0.0,0.0
628,0.6177310638509781,-1.2948150546715556,B,-1.202582665359502,Bom,0.0,0.0,1.0,0.0,0.0
629,1.1055720154602293,0.5159518994932987,A,-0.5808705117748798,Bom,0.0,1.0,0.0,0.0,0.0
630,0.43479070699750894,-0.7936896813110884,B,-0.2700144349825685,Bom,0.0,0.0,1.0,0.0,0.0
631,-0.9677520288790881,-1.3931990594131762,,-0.2009353068064993,Bom,0.0,0.0,1.0,0.0,0.0
632,-0.29697072041636774,1.086983752385038,A,-0.40817269133470696,Ruim,1.0,0.0,0.0,0.0,0.0
633,0.0689099932905706,1.2599183990090579,A,0.45531641086615743,Ruim,0.0,0.0,1.0,0.0,0.0
634,-0.7238315530744625,-1.1655667718139633,A,0.14446033407384642,Regular,0.0,0.0,1.0,0.0,0.0
635,-1.0287321478302445,0.8028112896145733,A,0.7661724876584687,Regular,0.0,1.0,0.0,0.0,0.0
636,-0.5408911962209934,-0.3789803819671115,B,-1.2371222294475366,Ruim,0.0,0.0,1.0,0.0,0.0
637,1.4714527291671675,0.27244209205360903,B,-0.6844892040389835,Regular,0.0,1.0,0.0,0.0,0.0
638,0.129890112241727,-1.0032675742315667,A,1.2151868208029182,Ruim,0.0,1.0,0.0,0.0,0.0
639,-1.27265262363487,-0.361028485879416,B,-1.1335035371834328,Ruim,0.0,0.0,0.0,1.0,0.0
640,0.6787111828021345,-0.057535038698090665,A,0.3171581545140193,Regular,0.0,0.0,1.0,0.0,0.0
641,-0.35795083936752414,-0.08816503432025873,B,-0.16639574271846486,Bom,0.0,0.0,0.0,1.0,0.0
642,0.8006714207044473,0.5607999139581686,B,-0.30455399907060327,Bom,0.0,0.0,0.0,1.0,0.0
643,1.1665521344113856,0.9131461419828175,B,1.318805513067022,Bom,0.0,0.0,0.0,1.0,0.0
644,-0.35795083936752414,-0.2540858487860351,A,-1.5825178703278824,Regular,1.0,0.0,0.0,0.0,0.0
645,-1.1506923857325573,-0.16295728002439233,B,-0.7881078963030871,Bom,0.0,0.0,1.0,0.0,0.0
646,-0.9677520288790881,-0.8504885434025821,A,0.35169771860205373,Ruim,0.0,0.0,0.0,1.0,0.0
647,1.7153732049717931,-1.046392636189923,A,0.0063020777217080185,Bom,1.0,0.0,0.0,0.0,0.0
648,-0.9067719099279317,0.12724795696151375,A,-0.8917265885671909,Bom,1.0,0.0,0.0,0.0,0.0
649,0.6787111828021345,0.31083513572566274,A,-1.5134387421518134,Bom,0.0,1.0,0.0,0.0,0.0
650,-1.27265262363487,0.7422809907207293,B,0.10992076998581168,Regular,0.0,0.0,0.0,1.0,0.0
651,1.1665521344113856,0.8865404362802538,A,1.1806472567148836,Ruim,0.0,1.0,0.0,0.0,0.0
652,-0.7238315530744625,0.8415386739288255,A,-0.5117913835988106,Ruim,0.0,0.0,0.0,1.0,0.0
653,0.6177310638509781,0.19985356605681462,B,0.0063020777217080185,,1.0,0.0,0.0,0.0,0.0
654,-0.05305024461174218,-1.4322437012711209,B,-1.4098200498877094,Bom,1.0,0.0,0.0,0.0,0.0
655,1.4104726102160112,-0.0034743532529255775,A,1.2497263848909526,Regular,1.0,0.0,0.0,0.0,0.0
656,-0.6018713151721498,0.06728628120367236,,-0.1318561786304304,Ruim,0.0,0.0,1.0,0.0,0.0
657,-0.11403036356289857,0.5765114836988677,A,1.387884641243091,Bom,0.0,1.0,0.0,0.0,0.0
658,0.7396913017532909,1.0724631186545066,A,1.6296615898593327,Ruim,1.0,0.0,0.0,0.0,0.0
659,-1.1506923857325573,1.0932288451104886,B,-1.5479783062398478,Bom,0.0,0.0,1.0,0.0,0.0
660,-1.4555929804883392,0.5801306601396036,B,-1.5479783062398478,Ruim,1.0,0.0,0.0,0.0,0.0
661,-1.0287321478302445,-0.7076811612161106,B,-1.202582665359502,Regular,1.0,0.0,0.0,0.0,0.0
662,-0.662851434123306,-0.21748653045716448,A,1.2497263848909526,Bom,1.0,0.0,0.0,0.0,0.0
663,0.43479070699750894,-1.383595917609875,B,-1.0644244090073638,Regular,1.0,0.0,0.0,0.0,0.0
664,0.9836117775579165,-0.01728237773147144,A,-0.9262661526552255,Regular,1.0,0.0,0.0,0.0,0.0
665,1.4714527291671675,0.8207485430464061,B,0.10992076998581168,Regular,0.0,0.0,1.0,0.0,0.0
666,-1.1506923857325573,-0.602095410232675,A,0.6970933594823995,Regular,0.0,0.0,1.0,0.0,0.0
667,-0.29697072041636774,-0.7735584699424911,A,-1.1335035371834328,Bom,0.0,1.0,0.0,0.0,0.0
668,0.19087023119288338,-1.2238567443608108,A,0.9734098721866761,Ruim,1.0,0.0,0.0,0.0,0.0
669,1.1665521344113856,0.07150336609213588,A,0.9734098721866761,Ruim,1.0,0.0,0.0,0.0,0.0
670,0.19087023119288338,1.215219251545459,B,-1.2716617935355712,Ruim,1.0,0.0,0.0,0.0,0.0
671,-1.0897122667814008,0.02732647335430729,B,0.8697911799225724,Bom,1.0,0.0,0.0,0.0,0.0
672,-0.5408911962209934,-1.1606663629852394,B,-1.1335035371834328,Regular,0.0,0.0,0.0,1.0,0.0
673,-0.35795083936752414,-1.0471662565080033,A,0.6280142313063303,Regular,0.0,1.0,0.0,0.0,0.0
674,-0.4799110772698369,-0.321927713840664,A,-1.375280485799675,Ruim,0.0,0.0,0.0,1.0,0.0
675,-0.29697072041636774,0.08055252741529728,A,-1.0298848449193292,Bom,0.0,0.0,1.0,0.0,0.0
676,0.129890112241727,-0.46097437391306023,A,-1.5134387421518134,Ruim,0.0,0.0,0.0,1.0,0.0
677,-1.0287321478302445,-0.9167319185255307,B,-1.5479783062398478,Regular,1.0,0.0,0.0,0.0,0.0
678,-0.5408911962209934,0.7695626990356216,B,-0.477251819510776,Regular,1.0,0.0,0.0,0.0,0.0
679,-0.662851434123306,0.8798414212230593,B,0.28261859042598453,Regular,0.0,1.0,0.0,0.0,0.0
680,0.5567509448998217,1.0254894786468987,A,1.45696376941916,Regular,0.0,0.0,0.0,1.0,0.0
681,-1.577553218390652,0.42694651583175036,B,0.5589351031302611,Regular,0.0,1.0,0.0,0.0,0.0
682,-1.27265262363487,0.8138811374467898,A,1.1461076926268492,Bom,0.0,1.0,0.0,0.0,0.0
683,-0.05305024461174218,-0.536142447784337,B,-1.5825178703278824,Regular,0.0,0.0,1.0,0.0,0.0
684,-0.41893095831868055,0.08323213343817529,A,1.0424890003627452,Ruim,0.0,1.0,0.0,0.0,0.0
685,-0.8457917909767753,1.39022339353141,A,-0.8226474603911217,Regular,0.0,1.0,0.0,0.0,0.0
686,1.532432848118324,-0.6938072447861826,B,-1.6515969985039516,Regular,0.0,0.0,1.0,0.0,0.0
687,1.3494924912648547,-0.39206847586574006,A,-0.40817269133470696,Ruim,1.0,0.0,0.0,0.0,0.0
688,1.4104726102160112,-0.7606338857009962,A,-0.96080571674326,Ruim,1.0,0.0,0.0,0.0,0.0
689,-1.4555929804883392,-0.008840886626612898,B,1.1461076926268492,Regular,0.0,0.0,0.0,1.0,0.0
690,1.532432848118324,-0.6391657339917964,B,-1.3062013576236058,Regular,0.0,0.0,0.0,1.0,0.0
691,0.19087023119288338,0.016215137997146096,B,-0.028237486366326434,Regular,1.0,0.0,0.0,0.0,0.0
692,0.0689099932905706,0.4438465811399739,A,0.3171581545140193,Bom,0.0,0.0,1.0,0.0,0.0
693,-0.9067719099279317,1.0998619682163011,A,-0.8571870244791563,Ruim,0.0,1.0,0.0,0.0,0.0
694,0.129890112241727,-0.7246227140492785,B,-1.5134387421518134,Bom,0.0,0.0,0.0,1.0,0.0
695,0.43479070699750894,0.17267679677560477,A,0.8007120517465032,Bom,0.0,0.0,1.0,0.0,0.0
696,1.4714527291671675,0.7962098922631297,A,-0.96080571674326,Bom,0.0,0.0,1.0,0.0,0.0
697,0.9226316586067601,-0.3488726410707139,A,1.45696376941916,Bom,0.0,0.0,0.0,1.0,0.0
698,0.9226316586067601,0.8121215783006197,B,0.731632923570434,Regular,0.0,0.0,0.0,1.0,0.0
699,-0.41893095831868055,-0.5643173581068557,B,-1.5479783062398478,Bom,0.0,0.0,0.0,1.0,0.0
700,0.129890112241727,-0.19347745572759004,B,0.04084164180974247,Ruim,0.0,0.0,1.0,0.0,0.0
701,-0.23599060146521136,1.1300331606214373,B,1.6642011539473678,Ruim,1.0,0.0,0.0,0.0,0.0
702,-0.662851434123306,-0.495806811767829,A,-1.0298848449193292,Regular,0.0,0.0,0.0,1.0,0.0
703,-1.0287321478302445,0.058839909213526144,B,-0.5808705117748798,Bom,0.0,1.0,0.0,0.0,0.0
704,-0.9067719099279317,0.6323244069622718,B,1.5260428975952294,Ruim,0.0,1.0,0.0,0.0,0.0
705,-0.35795083936752414,-1.0501460369760671,A,0.5589351031302611,Bom,0.0,1.0,0.0,0.0,0.0
706,-0.662851434123306,0.692117692177692,B,1.491503333507195,Ruim,0.0,0.0,1.0,0.0,0.0
707,-1.8214736941952776,9.628842941854566,B,2.804006768852508,Bom,0.0,0.0,0.0,1.0,0.0
708,0.9836117775579165,-0.6776002651887946,A,-0.5117913835988106,Regular,0.0,1.0,0.0,0.0,0.0
709,0.7396913017532909,-0.4519178912619673,A,1.2151868208029182,Bom,1.0,0.0,0.0,0.0,0.0
710,-0.6018713151721498,-1.167353175829215,B,0.731632923570434,Ruim,0.0,0.0,0.0,1.0,0.0
711,-0.7238315530744625,0.8801489169961766,B,0.45531641086615743,Bom,0.0,0.0,1.0,0.0,0.0
712,-1.3336327425860264,-0.4945695073474291,A,-0.6154100758629143,Bom,0.0,1.0,0.0,0.0,0.0
713,0.49577082594866534,-1.3088598020865485,A,1.491503333507195,Bom,0.0,0.0,0.0,1.0,0.0
714,0.6787111828021345,-0.2974476336808386,A,0.8352516158345379,Ruim,0.0,0.0,1.0,0.0,0.0
715,1.6543930860206368,0.5479875900782879,A,-1.617057434415917,Bom,1.0,0.0,0.0,0.0,0.0
716,1.4714527291671675,0.49913724967760775,B,1.3533450771550566,Bom,0.0,0.0,1.0,0.0,0.0
717,1.1665521344113856,-0.07157734567043984,B,1.6987407180354024,Bom,0.0,0.0,0.0,1.0,0.0
718,1.532432848118324,0.9999429250517384,A,-0.23547487089453406,Ruim,0.0,1.0,0.0,0.0,0.0
719,1.2885123723136984,-0.8598061534165602,A,0.8007120517465032,Ruim,0.0,0.0,1.0,0.0,0.0
720,0.43479070699750894,-0.06175212358655417,A,-1.3062013576236058,Bom,0.0,0.0,1.0,0.0,0.0
721,0.9226316586067601,-0.9429056658801441,B,-1.202582665359502,Bom,0.0,0.0,0.0,1.0,0.0
722,0.129890112241727,-1.0764686513319512,A,-1.5825178703278824,Bom,0.0,0.0,1.0,0.0,0.0
723,1.1665521344113856,0.6786074017016882,A,-0.06277705045436119,Bom,0.0,0.0,0.0,1.0,0.0
724,1.1665521344113856,0.6669201218805935,B,-0.8571870244791563,Bom,0.0,0.0,0.0,1.0,0.0
725,-1.2116725046837136,-0.9465150805503048,B,0.28261859042598453,Bom,0.0,0.0,1.0,0.0,0.0
726,-0.6018713151721498,-1.2326398974357995,B,0.6280142313063303,Ruim,0.0,1.0,0.0,0.0,0.0
727,-0.17501048251405496,-1.0059618229103071,B,-0.1318561786304304,Bom,0.0,1.0,0.0,0.0,0.0
728,-0.8457917909767753,-0.9730792987279241,A,-1.202582665359502,Regular,0.0,0.0,1.0,0.0,0.0
729,-0.6018713151721498,1.0742202373580334,A,-0.4427122554227414,Regular,0.0,0.0,0.0,0.0,1.0
730,-0.662851434123306,-1.076392997609994,B,1.5951220257712984,Regular,1.0,0.0,0.0,0.0,0.0
731,1.1055720154602293,-0.159860358309427,A,-0.06277705045436119,Bom,0.0,0.0,1.0,0.0,0.0
732,-1.1506923857325573,0.4345070071422022,A,-1.0989639730953984,Regular,0.0,0.0,0.0,1.0,0.0
733,1.4104726102160112,0.08878658089543386,B,0.8007120517465032,Bom,0.0,0.0,1.0,0.0,0.0
734,-0.7238315530744625,-1.1836894988867241,A,-0.16639574271846486,Ruim,0.0,0.0,0.0,1.0,0.0
735,0.19087023119288338,0.7667244642408978,A,1.2497263848909526,Regular,0.0,1.0,0.0,0.0,0.0
736,0.2518503501440398,-0.07830320559671634,A,1.387884641243091,Ruim,0.0,0.0,0.0,1.0,0.0
737,0.5567509448998217,-0.9632687192999011,B,-0.2009353068064993,Bom,0.0,1.0,0.0,0.0,0.0
738,-0.9067719099279317,0.03387418096758745,B,1.5605824616832638,Regular,0.0,1.0,0.0,0.0,0.0
739,-1.5165730994394955,-0.6952837125856737,B,-0.3390935631586377,Bom,0.0,0.0,0.0,1.0,0.0
740,-0.05305024461174218,-1.2684924403156712,A,1.318805513067022,Regular,1.0,0.0,0.0,0.0,0.0
741,-1.3336327425860264,0.6285758870614152,A,-0.06277705045436119,Ruim,1.0,0.0,0.0,0.0,0.0
742,-1.0287321478302445,-1.1708503301377615,A,0.5934746672182959,Regular,0.0,0.0,1.0,0.0,0.0
743,0.6787111828021345,0.363268045927422,A,1.5260428975952294,Bom,0.0,0.0,0.0,1.0,0.0
744,1.4104726102160112,0.09223492635110461,A,0.9734098721866761,Bom,0.0,0.0,1.0,0.0,0.0
745,0.43479070699750894,0.8221517975665835,A,-0.30455399907060327,Bom,1.0,0.0,0.0,0.0,0.0
746,-0.7238315530744625,0.8919557785068168,B,0.3171581545140193,Bom,1.0,0.0,0.0,0.0,0.0
747,0.9226316586067601,0.7857721190756535,A,-0.5117913835988106,Ruim,1.0,0.0,0.0,0.0,0.0
748,0.9226316586067601,-0.26447481312063537,B,-1.0644244090073638,Bom,0.0,1.0,0.0,0.0,0.0
749,1.3494924912648547,0.9558856140034558,B,-0.16639574271846486,Bom,0.0,0.0,1.0,0.0,0.0
750,1.532432848118324,-0.9333635351429378,B,-1.0298848449193292,Ruim,0.0,0.0,0.0,1.0,0.0
751,1.3494924912648547,-0.44936274781392266,B,0.9388703080986416,Ruim,0.0,0.0,1.0,0.0,0.0
752,-0.662851434123306,-0.5451403598119791,A,1.0424890003627452,Bom,0.0,0.0,0.0,1.0,0.0
753,-0.5408911962209934,-0.5211532490661985,B,-0.8917265885671909,Ruim,0.0,1.0,0.0,0.0,0.0
754,0.9226316586067601,0.9791967221369069,A,-0.1318561786304304,Regular,0.0,0.0,0.0,1.0,0.0
755,-0.662851434123306,0.05232636779725929,A,-0.16639574271846486,Bom,0.0,0.0,0.0,1.0,0.0
756,-0.11403036356289857,-0.057535038698090665,B,-1.1680431012714674,Ruim,1.0,0.0,0.0,0.0,0.0
757,1.4714527291671675,-0.8276020722891496,A,-0.4427122554227414,Bom,1.0,0.0,0.0,0.0,0.0
758,-1.4555929804883392,0.4402274046992381,A,1.3533450771550566,Bom,0.0,0.0,0.0,1.0,0.0
759,0.5567509448998217,-1.2981413779950368,B,-1.0989639730953984,Ruim,1.0,0.0,0.0,0.0,0.0
760,0.6177310638509781,0.11765213648614417,A,0.21353946224991535,Regular,0.0,0.0,0.0,1.0,0.0
761,0.43479070699750894,0.33082236097827644,B,-0.7881078963030871,Ruim,1.0,0.0,0.0,0.0,0.0
762,-0.6018713151721498,-0.5295630144166877,A,-1.375280485799675,Regular,1.0,0.0,0.0,0.0,0.0
763,-0.7238315530744625,0.884641771903388,B,1.6642011539473678,Ruim,0.0,0.0,0.0,1.0,0.0
764,1.532432848118324,-0.7495860018525736,A,1.3533450771550566,Regular,1.0,0.0,0.0,0.0,0.0
765,0.9226316586067601,0.08241458515250663,B,0.3862372826900882,Regular,0.0,1.0,0.0,0.0,0.0
766,-0.35795083936752414,-1.0572452846268428,A,0.5934746672182959,Ruim,0.0,0.0,0.0,1.0,0.0
767,1.4714527291671675,0.7261618670585177,A,-1.5479783062398478,Regular,0.0,1.0,0.0,0.0,0.0
768,-0.11403036356289857,1.271622761928659,A,1.6987407180354024,Regular,0.0,0.0,1.0,0.0,0.0
769,-1.3336327425860264,-0.6137802496111262,B,-1.0298848449193292,Regular,0.0,1.0,0.0,0.0,0.0
770,-0.6018713151721498,-1.0992062554441129,B,-1.6515969985039516,Ruim,0.0,1.0,0.0,0.0,0.0
771,-1.0287321478302445,-0.12759282567327798,B,-0.1318561786304304,Ruim,1.0,0.0,0.0,0.0,0.0
772,-1.5165730994394955,-0.29078766570594444,B,-1.2716617935355712,Bom,0.0,0.0,1.0,0.0,0.0
773,-1.0897122667814008,-1.2348240936019885,B,-0.6499496399509489,Bom,1.0,0.0,0.0,0.0,0.0
774,-1.5165730994394955,-0.0636337048649138,B,-0.5463309476868452,Ruim,1.0,0.0,0.0,0.0,0.0
775,0.129890112241727,-1.4430573026257403,B,1.5951220257712984,Ruim,1.0,0.0,0.0,0.0,0.0
776,-1.3336327425860264,1.0388264976951933,B,0.07538120589777723,Ruim,0.0,1.0,0.0,0.0,0.0
777,0.2518503501440398,-0.14263815457222367,A,0.731632923570434,Regular,0.0,0.0,0.0,1.0,0.0
778,1.4104726102160112,0.5383966504882056,B,-0.8226474603911217,Bom,0.0,0.0,1.0,0.0,0.0
779,-1.27265262363487,-0.5623698848771137,B,-0.477251819510776,Bom,1.0,0.0,0.0,0.0,0.0
780,1.3494924912648547,1.3450117531126158,B,1.284265948978987,Ruim,0.0,0.0,1.0,0.0,0.0
781,-0.05305024461174218,1.0056291564117619,A,0.45531641086615743,Regular,0.0,0.0,0.0,1.0,0.0
782,0.9226316586067601,-0.2655388461133263,B,-1.4443596139757442,Ruim,0.0,0.0,1.0,0.0,0.0
783,-0.9677520288790881,-1.2562682631129432,B,1.6987407180354024,Ruim,0.0,0.0,1.0,0.0,0.0
784,-0.29697072041636774,1.2169763702489853,A,0.3171581545140193,Bom,1.0,0.0,0.0,0.0,0.0
785,0.9836117775579165,0.7064211265129261,B,1.2151868208029182,Ruim,0.0,1.0,0.0,0.0,0.0
786,1.4104726102160112,0.2938081673999622,B,0.9388703080986416,Bom,0.0,0.0,0.0,1.0,0.0
787,0.0689099932905706,-0.8830684526971357,B,0.0063020777217080185,Ruim,0.0,0.0,1.0,0.0,0.0
788,1.5934129670694803,-0.8999660775627155,A,-1.0989639730953984,Ruim,0.0,0.0,1.0,0.0,0.0
789,1.1665521344113856,0.2660896198518318,A,-1.0989639730953984,Bom,1.0,0.0,0.0,0.0,0.0
790,0.7396913017532909,0.40255185116445785,B,-1.5134387421518134,Regular,0.0,0.0,1.0,0.0,0.0
791,1.2885123723136984,-0.6965747067442368,A,1.6296615898593327,Ruim,1.0,0.0,0.0,0.0,0.0
792,-0.9677520288790881,0.4675896476213758,A,0.04084164180974247,Regular,1.0,0.0,0.0,0.0,0.0
793,1.1665521344113856,0.6131059211424509,A,-0.1318561786304304,Bom,0.0,0.0,0.0,1.0,0.0
794,1.2275322533625421,-0.5605883617471492,A,0.07538120589777723,Ruim,1.0,0.0,0.0,0.0,0.0
795,0.9836117775579165,-0.263986724591878,B,0.3171581545140193,Bom,0.0,0.0,1.0,0.0,0.0
796,-0.662851434123306,-0.25022750896620805,B,-1.1680431012714674,Ruim,1.0,0.0,0.0,0.0,0.0
797,-0.5408911962209934,1.2692311281377482,B,0.04084164180974247,Bom,0.0,1.0,0.0,0.0,0.0
798,-0.7848116720256189,-1.2785177786963473,B,0.45531641086615743,Regular,1.0,0.0,0.0,0.0,0.0
799,0.129890112241727,-0.8575585057416325,A,-0.3390935631586377,Regular,0.0,0.0,1.0,0.0,0.0
800,0.19087023119288338,1.3865456464672232,B,0.35169771860205373,Ruim,0.0,1.0,0.0,0.0,0.0
801,0.8006714207044473,1.2589519837221181,B,-1.2371222294475366,Regular,0.0,0.0,0.0,1.0,0.0
802,0.9226316586067601,-1.1794260455880285,B,0.1789998981618809,Ruim,0.0,0.0,0.0,1.0,0.0
803,1.4714527291671675,0.2129026128731424,A,1.1115681285388141,Ruim,0.0,1.0,0.0,0.0,0.0
804,-1.0897122667814008,0.9232666576266017,B,-0.9953452808312946,Bom,0.0,0.0,0.0,1.0,0.0
805,-0.29697072041636774,-0.137527867676134,B,-1.6515969985039516,Ruim,0.0,1.0,0.0,0.0,0.0
806,0.7396913017532909,0.559089163664874,A,-1.3062013576236058,Bom,0.0,0.0,1.0,0.0,0.0
807,1.532432848118324,1.261350938840961,B,1.45696376941916,Bom,1.0,0.0,0.0,0.0,0.0
808,-0.9677520288790881,-0.6868739472351844,B,1.4224242053311253,Regular,1.0,0.0,0.0,0.0,0.0
809,0.43479070699750894,-0.2989704698905617,B,0.8352516158345379,Bom,1.0,0.0,0.0,0.0,0.0
810,1.3494924912648547,0.33075890946953795,A,0.6970933594823995,Ruim,0.0,0.0,1.0,0.0,0.0
811,-1.0897122667814008,-0.7023024256292045,B,1.4224242053311253,Ruim,0.0,0.0,1.0,0.0,0.0
812,-0.41893095831868055,0.6574585257506319,A,1.4224242053311253,Regular,0.0,0.0,0.0,1.0,0.0
813,-0.05305024461174218,-0.7128988275885267,B,-0.3390935631586377,Ruim,0.0,0.0,1.0,0.0,0.0
814,0.2518503501440398,-0.6436878742107334,A,-0.23547487089453406,Bom,0.0,0.0,0.0,1.0,0.0
815,-1.1506923857325573,-0.8798446279646935,A,0.8007120517465032,Regular,0.0,0.0,0.0,1.0,0.0
816,-0.41893095831868055,0.5216039646563088,B,-1.4098200498877094,Ruim,0.0,0.0,1.0,0.0,0.0
817,-1.577553218390652,-0.27750189595316926,A,-1.6515969985039516,Regular,0.0,1.0,0.0,0.0,0.0
818,0.129890112241727,1.363471261270219,B,1.491503333507195,Regular,0.0,1.0,0.0,0.0,0.0
819,-0.35795083936752414,-1.1732761301256858,B,0.3862372826900882,Regular,1.0,0.0,0.0,0.0,0.0
820,0.43479070699750894,-0.9708536150367904,A,-0.5117913835988106,Ruim,0.0,1.0,0.0,0.0,0.0
821,0.5567509448998217,-0.6097266743797963,B,0.3862372826900882,Regular,0.0,1.0,0.0,0.0,0.0
822,-0.41893095831868055,0.41232582395282374,A,1.5260428975952294,Bom,0.0,0.0,1.0,0.0,0.0
823,-0.7848116720256189,-0.1773632129506659,,-0.23547487089453406,Bom,1.0,0.0,0.0,0.0,0.0
824,-1.2116725046837136,0.242473456387907,A,1.6642011539473678,Ruim,0.0,0.0,0.0,1.0,0.0
825,-1.577553218390652,-0.6249281916079443,A,-0.4427122554227414,Ruim,1.0,0.0,0.0,0.0,0.0
826,0.8006714207044473,-1.2972554973153425,A,-1.202582665359502,Ruim,0.0,1.0,0.0,0.0,0.0
827,-0.11403036356289857,-1.3856629725291625,A,0.3862372826900882,Ruim,0.0,0.0,1.0,0.0,0.0
828,0.49577082594866534,-0.963476156924623,B,1.4224242053311253,Bom,0.0,1.0,0.0,0.0,0.0
829,-1.3336327425860264,1.2677180536986001,A,0.4898559749541922,Ruim,0.0,1.0,0.0,0.0,0.0
830,0.00792987433941421,0.6287320753906174,A,0.35169771860205373,Regular,0.0,1.0,0.0,0.0,0.0
831,-0.9677520288790881,-0.2875784836293649,B,0.8007120517465032,Regular,0.0,0.0,1.0,0.0,0.0
832,-0.9677520288790881,-0.6181047139759164,A,-1.4788991780637786,Ruim,0.0,0.0,0.0,1.0,0.0
833,0.6177310638509781,1.0547113388636016,B,0.5934746672182959,Regular,0.0,0.0,0.0,1.0,0.0
834,-1.2116725046837136,-0.5514049760785795,A,1.6642011539473678,Bom,0.0,1.0,0.0,0.0,0.0
835,-1.1506923857325573,0.9124652584852012,A,-1.2371222294475366,Bom,0.0,0.0,1.0,0.0,0.0
836,-0.11403036356289857,-0.7600799052208568,A,-1.0298848449193292,Ruim,0.0,1.0,0.0,0.0,0.0
837,-0.9677520288790881,0.01826755026057075,B,0.8007120517465032,Ruim,0.0,0.0,1.0,0.0,0.0
838,-1.5165730994394955,-0.7171451977887157,A,1.0770285644507798,Regular,0.0,0.0,0.0,1.0,0.0
839,0.8616515396556037,1.3255126163887594,A,-1.6515969985039516,Bom,1.0,0.0,0.0,0.0,0.0
840,0.6177310638509781,0.9680414588121578,B,1.5951220257712984,Regular,0.0,0.0,0.0,1.0,0.0
841,-1.0897122667814008,-0.08328414903268515,A,0.28261859042598453,Bom,0.0,1.0,0.0,0.0,0.0
842,-0.9067719099279317,-1.3009186017236662,B,-0.8917265885671909,Ruim,0.0,0.0,1.0,0.0,0.0
843,-1.0287321478302445,-0.5844144032784397,B,-1.617057434415917,Bom,0.0,0.0,1.0,0.0,0.0
844,0.43479070699750894,-0.012545478559881095,B,-1.0644244090073638,Ruim,0.0,1.0,0.0,0.0,0.0
845,-0.9067719099279317,1.1827076746449317,A,0.7661724876584687,Ruim,0.0,1.0,0.0,0.0,0.0
846,-0.9067719099279317,0.008969463787743213,B,1.4224242053311253,Bom,0.0,0.0,1.0,0.0,0.0
847,1.5934129670694803,-1.2517363611234311,B,0.5243955390422266,Bom,0.0,0.0,1.0,0.0,0.0
848,1.532432848118324,1.373830940293094,B,-0.16639574271846486,Regular,0.0,0.0,1.0,0.0,0.0
849,0.129890112241727,-1.090471911222,A,0.8352516158345379,Regular,0.0,0.0,1.0,0.0,0.0
850,-1.27265262363487,-1.0610743391349442,B,-1.4443596139757442,Ruim,0.0,0.0,0.0,1.0,0.0
851,-0.11403036356289857,-0.6465456325466077,B,-1.0989639730953984,Regular,1.0,0.0,0.0,0.0,0.0
852,-0.6018713151721498,-0.3748072250462362,B,-1.1335035371834328,Bom,0.0,1.0,0.0,0.0,0.0
853,0.00792987433941421,0.5341405185174413,A,0.8352516158345379,Regular,0.0,1.0,0.0,0.0,0.0
854,-1.3336327425860264,0.7846958838697435,A,0.3862372826900882,Regular,0.0,0.0,0.0,1.0,0.0
855,0.5567509448998217,0.6176988341980575,A,0.21353946224991535,Regular,1.0,0.0,0.0,0.0,0.0
856,-0.23599060146521136,-1.1291919742083212,B,0.6625537953943651,Bom,0.0,0.0,0.0,1.0,0.0
857,0.6177310638509781,-0.3733820065422647,B,0.3862372826900882,Regular,0.0,1.0,0.0,0.0,0.0
858,-1.2116725046837136,0.344791454671312,B,0.4898559749541922,Ruim,0.0,1.0,0.0,0.0,0.0
859,1.6543930860206368,-1.142607087421217,A,-1.1335035371834328,Bom,0.0,0.0,0.0,1.0,0.0
860,0.129890112241727,0.7808717102469297,B,-0.40817269133470696,Bom,0.0,0.0,0.0,1.0,0.0
861,-1.0897122667814008,0.9395322078474405,A,-0.3390935631586377,Regular,1.0,0.0,0.0,0.0,0.0
862,-0.17501048251405496,0.7974984459790493,B,-1.1335035371834328,Ruim,0.0,1.0,0.0,0.0,0.0
863,-1.394612861537183,-0.3248196383735512,B,0.0,Regular,0.0,1.0,0.0,0.0,0.0
864,-1.27265262363487,0.5500107170299869,B,-0.96080571674326,Ruim,0.0,1.0,0.0,0.0,0.0
865,-0.662851434123306,0.48341835860897703,A,-1.4443596139757442,Regular,0.0,1.0,0.0,0.0,0.0
866,1.532432848118324,-0.6846433826587631,A,-1.2371222294475366,Bom,0.0,0.0,1.0,0.0,0.0
867,0.6787111828021345,0.1731770875175811,B,1.2151868208029182,Regular,0.0,0.0,1.0,0.0,0.0
868,-1.1506923857325573,-0.5090584153235913,B,0.420776846778123,Regular,0.0,0.0,0.0,1.0,0.0
869,1.3494924912648547,1.289035320192078,B,-0.5117913835988106,Ruim,0.0,1.0,0.0,0.0,0.0
870,0.3128304690951962,0.11693464634887073,A,0.7661724876584687,Regular,0.0,0.0,1.0,0.0,0.0
871,0.9836117775579165,-0.057535038698090665,A,1.387884641243091,Bom,1.0,0.0,0.0,0.0,0.0
872,0.3128304690951962,0.5437827074030429,B,0.6625537953943651,Bom,0.0,1.0,0.0,0.0,0.0
873,1.5934129670694803,0.7617606039034354,A,1.491503333507195,Regular,1.0,0.0,0.0,0.0,0.0
874,0.0689099932905706,1.3118632206820597,A,1.6296615898593327,Bom,0.0,0.0,0.0,1.0,0.0
875,1.4104726102160112,-1.0574917693338652,B,-0.7535683322150527,Ruim,0.0,0.0,1.0,0.0,0.0
876,-0.29697072041636774,-0.057535038698090665,A,-0.7881078963030871,Ruim,0.0,0.0,0.0,1.0,0.0
877,0.37381058804635253,0.39286085342598026,B,1.5605824616832638,Regular,1.0,0.0,0.0,0.0,0.0
878,-0.4799110772698369,-0.9518767330387043,B,1.387884641243091,Bom,0.0,0.0,0.0,1.0,0.0
879,0.37381058804635253,-1.3918738990575998,A,0.14446033407384642,Regular,0.0,0.0,1.0,0.0,0.0
880,0.5567509448998217,0.8768933665093649,A,-1.0298848449193292,Ruim,0.0,1.0,0.0,0.0,0.0
881,-1.577553218390652,-1.2424577981917537,B,0.5243955390422266,Bom,0.0,0.0,1.0,0.0,0.0
882,0.6177310638509781,-0.41938190993500185,B,-0.7190287681270181,Ruim,1.0,0.0,0.0,0.0,0.0
883,-0.05305024461174218,-0.5614986468532819,B,-0.5808705117748798,Ruim,0.0,0.0,1.0,0.0,0.0
884,0.6177310638509781,1.3668244294627818,A,-0.5463309476868452,Bom,1.0,0.0,0.0,0.0,0.0
885,0.0689099932905706,1.1063999140590062,B,0.8352516158345379,Regular,0.0,0.0,0.0,1.0,0.0
886,-0.17501048251405496,-0.8581002840085531,A,-0.2700144349825685,Ruim,0.0,0.0,0.0,1.0,0.0
887,0.37381058804635253,1.3150211534631195,A,-1.5479783062398478,Ruim,0.0,0.0,1.0,0.0,0.0
888,0.19087023119288338,0.1945578055197971,A,0.1789998981618809,Regular,0.0,0.0,1.0,0.0,0.0
889,-0.6018713151721498,-0.7716622460082688,B,0.0063020777217080185,Ruim,0.0,0.0,1.0,0.0,0.0
890,-1.3336327425860264,-0.16208848244320434,A,1.45696376941916,Regular,0.0,0.0,0.0,1.0,0.0
891,1.6543930860206368,0.44933757708849414,A,0.04084164180974247,Bom,1.0,0.0,0.0,0.0,0.0
892,-0.7238315530744625,0.21902812390904736,B,0.21353946224991535,Ruim,0.0,0.0,1.0,0.0,0.0
893,0.2518503501440398,-0.3427715344612469,A,0.9388703080986416,Regular,1.0,0.0,0.0,0.0,0.0
894,1.532432848118324,-0.03319162332631743,A,0.3862372826900882,Ruim,0.0,0.0,0.0,1.0,0.0
895,-0.9067719099279317,-0.39277376378979456,B,-1.5479783062398478,Bom,0.0,1.0,0.0,0.0,0.0
896,-1.3336327425860264,0.8049930453381183,B,-1.202582665359502,Bom,0.0,0.0,1.0,0.0,0.0
897,-1.577553218390652,-0.2969839495785192,A,-0.23547487089453406,Ruim,0.0,0.0,1.0,0.0,0.0
898,-0.7238315530744625,-1.4146212649403365,A,0.04084164180974247,Bom,0.0,0.0,0.0,1.0,0.0
899,0.8006714207044473,0.40516068435066604,A,-0.06277705045436119,Ruim,0.0,1.0,0.0,0.0,0.0
900,1.3494924912648547,-0.47761819274368605,B,0.8352516158345379,Ruim,1.0,0.0,0.0,0.0,0.0
901,0.2518503501440398,-0.4000658064094295,A,1.0770285644507798,Bom,0.0,0.0,1.0,0.0,0.0
902,0.43479070699750894,0.6997904438497574,B,0.4898559749541922,Regular,0.0,0.0,0.0,1.0,0.0
903,-1.0287321478302445,-0.14594007346926716,A,1.3533450771550566,Regular,0.0,1.0,0.0,0.0,0.0
904,0.8006714207044473,-0.3239776856614448,A,0.07538120589777723,Bom,0.0,1.0,0.0,0.0,0.0
905,-0.7238315530744625,-0.5607884780439399,A,-0.2009353068064993,Ruim,1.0,0.0,0.0,0.0,0.0
906,1.5934129670694803,0.5039717665549492,B,0.07538120589777723,Bom,0.0,1.0,0.0,0.0,0.0
907,0.5567509448998217,0.4746693717310013,A,0.731632923570434,Ruim,1.0,0.0,0.0,0.0,0.0
908,-1.394612861537183,0.5087892003337843,B,0.8007120517465032,Regular,0.0,0.0,0.0,1.0,0.0
909,-0.41893095831868055,0.8361721405551384,B,0.5243955390422266,Bom,0.0,0.0,1.0,0.0,0.0
910,-1.2116725046837136,0.7142549473994818,B,-0.2700144349825685,Bom,1.0,0.0,0.0,0.0,0.0
911,-0.7848116720256189,-0.15913554684422224,B,-1.1335035371834328,Regular,1.0,0.0,0.0,0.0,0.0
912,-0.6018713151721498,-0.16673752567961822,B,1.4224242053311253,Regular,0.0,1.0,0.0,0.0,0.0
913,-0.8457917909767753,-0.4149866727335418,A,-0.4427122554227414,Bom,0.0,0.0,0.0,1.0,0.0
914,-1.577553218390652,0.028475921839530877,B,-0.8571870244791563,Ruim,0.0,0.0,0.0,1.0,0.0
915,4.337518319871518,8.216509975042275,A,-3.4131147669937154,Bom,0.0,0.0,1.0,0.0,0.0
916,0.00792987433941421,0.8087073990419621,A,1.5605824616832638,Bom,0.0,1.0,0.0,0.0,0.0
917,1.2275322533625421,-0.8517209669376945,A,-0.06277705045436119,Regular,0.0,1.0,0.0,0.0,0.0
918,-0.41893095831868055,-1.0296756040799835,B,1.45696376941916,Ruim,0.0,0.0,1.0,0.0,0.0
919,1.1665521344113856,1.183249452911852,A,0.8697911799225724,Regular,0.0,0.0,0.0,1.0,0.0
920,1.0445918965090728,-1.3053455646794956,B,-0.16639574271846486,Ruim,1.0,0.0,0.0,0.0,0.0
921,0.6787111828021345,0.9385657925605007,B,-0.8226474603911217,Bom,1.0,0.0,0.0,0.0,0.0
922,-0.23599060146521136,1.066588973210912,A,1.45696376941916,Ruim,0.0,0.0,1.0,0.0,0.0
923,-0.17501048251405496,0.5852824345606376,A,-0.028237486366326434,Bom,0.0,1.0,0.0,0.0,0.0
924,-1.5165730994394955,-0.948848143717765,B,-1.0989639730953984,Bom,0.0,0.0,0.0,1.0,0.0
925,1.6543930860206368,-0.09253342665263699,A,0.1789998981618809,Ruim,0.0,1.0,0.0,0.0,0.0
926,0.9836117775579165,-0.15564571386360732,B,-0.6499496399509489,Bom,0.0,1.0,0.0,0.0,0.0
927,0.0689099932905706,1.3120926222905753,A,0.35169771860205373,Ruim,0.0,0.0,1.0,0.0,0.0
928,1.6543930860206368,0.6078345650318713,A,0.5243955390422266,Bom,0.0,0.0,0.0,1.0,0.0
929,0.49577082594866534,0.17625936657668384,B,0.0,Ruim,0.0,1.0,0.0,0.0,0.0
930,-0.7238315530744625,-0.057535038698090665,A,0.21353946224991535,Regular,1.0,0.0,0.0,0.0,0.0
931,-0.4799110772698369,0.30077075026268607,A,0.8352516158345379,Regular,0.0,0.0,1.0,0.0,0.0
932,1.1665521344113856,-0.04970121781153498,B,0.8007120517465032,Ruim,1.0,0.0,0.0,0.0,0.0
933,-0.8457917909767753,0.0003913078948325118,B,1.45696376941916,Regular,0.0,0.0,1.0,0.0,0.0
934,0.8616515396556037,-1.1542675223732304,B,-0.9953452808312946,Ruim,1.0,0.0,0.0,0.0,0.0
935,-0.6018713151721498,-0.9495339081006691,B,1.284265948978987,Ruim,0.0,1.0,0.0,0.0,0.0
936,-0.5408911962209934,0.2404552103214952,A,-0.1318561786304304,Bom,0.0,1.0,0.0,0.0,0.0
937,0.9836117775579165,-0.9542903308134095,B,1.5605824616832638,Ruim,0.0,0.0,1.0,0.0,0.0
938,-0.35795083936752414,0.07856112621796729,B,-1.7206761266800208,Regular,0.0,0.0,0.0,1.0,0.0
939,-0.23599060146521136,-0.6753257726447853,B,-0.9953452808312946,Bom,0.0,0.0,1.0,0.0,0.0
940,2.934975583994921,9.215927367853773,B,-1.8242948189441244,Ruim,0.0,0.0,1.0,0.0,0.0
941,0.0689099932905706,-0.3007446716925946,A,-0.96080571674326,Regular,0.0,1.0,0.0,0.0,0.0
942,0.19087023119288338,-0.7940752712488067,A,-0.8917265885671909,Bom,0.0,0.0,1.0,0.0,0.0
943,0.6787111828021345,0.7463101615256214,B,1.2151868208029182,Ruim,0.0,0.0,1.0,0.0,0.0
944,0.6787111828021345,-0.0002456476351957605,B,-1.3062013576236058,Bom,1.0,0.0,0.0,0.0,0.0
945,-0.9067719099279317,-0.2914075381374663,B,-0.6844892040389835,Ruim,0.0,0.0,0.0,1.0,0.0
946,0.00792987433941421,1.325820112161876,A,-0.16639574271846486,Bom,0.0,0.0,1.0,0.0,0.0
947,0.3128304690951962,-1.100065291254726,A,0.07538120589777723,Bom,0.0,0.0,1.0,0.0,0.0
948,-1.0287321478302445,0.46482462610596537,A,0.45531641086615743,Bom,0.0,1.0,0.0,0.0,0.0
949,-0.17501048251405496,-0.4868796725768569,B,-0.477251819510776,Ruim,0.0,0.0,1.0,0.0,0.0
950,-1.394612861537183,0.40805016844090963,A,-1.2716617935355712,Bom,0.0,0.0,1.0,0.0,0.0
951,1.5934129670694803,0.18432502951439925,B,-0.4427122554227414,Ruim,0.0,0.0,0.0,1.0,0.0
952,-1.27265262363487,-0.19900749875841087,A,-0.3736331272466723,Regular,1.0,0.0,0.0,0.0,0.0
953,-0.5408911962209934,1.282797548794559,B,-0.06277705045436119,Ruim,1.0,0.0,0.0,0.0,0.0
954,-0.5408911962209934,-1.3531977640388668,B,0.7661724876584687,Regular,0.0,0.0,1.0,0.0,0.0
955,-0.5408911962209934,1.2979014483169553,A,-0.5463309476868452,Regular,0.0,0.0,0.0,1.0,0.0
956,1.0445918965090728,0.9009073221242269,B,1.318805513067022,Ruim,1.0,0.0,0.0,0.0,0.0
957,-0.41893095831868055,-1.4437284243527817,A,1.0770285644507798,Bom,1.0,0.0,0.0,0.0,0.0
958,-0.9067719099279317,1.1261601781457475,A,-0.2009353068064993,Bom,1.0,0.0,0.0,0.0,0.0
959,-0.41893095831868055,0.45259800846059345,A,0.07538120589777723,Ruim,1.0,0.0,0.0,0.0,0.0
960,1.4714527291671675,-0.8088619132275109,B,0.6625537953943651,Bom,0.0,1.0,0.0,0.0,0.0
961,-0.41893095831868055,0.21720511325413855,A,0.1789998981618809,Regular,0.0,0.0,1.0,0.0,0.0
962,-0.05305024461174218,0.9713140923974758,A,-0.6844892040389835,Regular,1.0,0.0,0.0,0.0,0.0
963,-1.0897122667814008,1.1009479651927865,B,-1.3062013576236058,Ruim,1.0,0.0,0.0,0.0,0.0
964,-0.41893095831868055,1.3709609797440006,A,-0.9953452808312946,Ruim,1.0,0.0,0.0,0.0,0.0
965,0.2518503501440398,-0.4261541382715102,A,-1.3062013576236058,Bom,0.0,1.0,0.0,0.0,0.0
966,1.2275322533625421,0.701730595751568,B,0.5589351031302611,Ruim,1.0,0.0,0.0,0.0,0.0
967,1.1665521344113856,0.9673971819541981,A,0.2480790263379501,Bom,0.0,0.0,1.0,0.0,0.0
968,0.8006714207044473,-0.26668097327061857,B,-0.30455399907060327,Bom,1.0,0.0,0.0,0.0,0.0
969,-0.23599060146521136,0.3364866283545054,B,1.2151868208029182,Bom,0.0,0.0,1.0,0.0,0.0
970,-1.0897122667814008,-0.5524714495139146,A,0.4898559749541922,Bom,0.0,0.0,1.0,0.0,0.0
971,0.19087023119288338,-0.6667598189650936,A,0.420776846778123,Regular,0.0,0.0,0.0,1.0,0.0
972,-0.4799110772698369,-0.057535038698090665,B,0.1789998981618809,Bom,1.0,0.0,0.0,0.0,0.0
973,0.6177310638509781,-0.33800290953528755,A,0.0063020777217080185,Regular,1.0,0.0,0.0,0.0,0.0
974,0.49577082594866534,-0.7699807810266998,B,0.4898559749541922,Regular,1.0,0.0,0.0,0.0,0.0
975,-1.577553218390652,-1.236915552947714,A,-0.5808705117748798,Ruim,1.0,0.0,0.0,0.0,0.0
976,0.8616515396556037,0.011414787316817462,A,0.1789998981618809,Ruim,0.0,1.0,0.0,0.0,0.0
977,0.8616515396556037,-1.3699099152635188,A,0.04084164180974247,Regular,1.0,0.0,0.0,0.0,0.0
978,0.49577082594866534,-0.33365648118670316,B,0.8697911799225724,Ruim,0.0,0.0,0.0,1.0,0.0
979,-0.662851434123306,0.10336090436412863,B,-1.4788991780637786,Ruim,0.0,1.0,0.0,0.0,0.0
980,-0.5408911962209934,0.8319135681417307,A,1.1806472567148836,Ruim,0.0,0.0,1.0,0.0,0.0
981,0.6177310638509781,0.579940305613388,A,-1.2371222294475366,Ruim,0.0,1.0,0.0,0.0,0.0
982,-1.27265262363487,1.1687776280341962,A,0.21353946224991535,Ruim,0.0,0.0,1.0,0.0,0.0
983,-1.5165730994394955,0.7596471805739161,B,-1.6515969985039516,Ruim,0.0,0.0,0.0,1.0,0.0
984,-0.8457917909767753,-0.8118099679412053,B,0.731632923570434,Regular,0.0,0.0,0.0,1.0,0.0
985,1.4104726102160112,0.01768672491134947,B,-0.5117913835988106,Regular,0.0,0.0,0.0,1.0,0.0
986,-0.662851434123306,-1.1213410702232591,B,-0.7190287681270181,Bom,0.0,0.0,1.0,0.0,0.0
987,0.8616515396556037,-0.8674227749078187,B,1.284265948978987,Bom,0.0,0.0,0.0,1.0,0.0
988,1.3494924912648547,-1.4308648511773816,B,-0.6844892040389835,Bom,0.0,0.0,0.0,1.0,0.0
989,-0.9677520288790881,-0.2590301855823469,A,-0.477251819510776,Ruim,0.0,0.0,1.0,0.0,0.0
990,0.9226316586067601,0.8638443196930367,,-0.1318561786304304,Bom,0.0,0.0,0.0,1.0,0.0
991,0.6787111828021345,-0.7647704359822148,B,1.284265948978987,Ruim,0.0,1.0,0.0,0.0,0.0
992,0.3128304690951962,-1.0888612190771008,B,-0.23547487089453406,Ruim,0.0,0.0,0.0,1.0,0.0
993,1.6543930860206368,1.0204231197183973,A,-1.4098200498877094,Regular,0.0,0.0,0.0,1.0,0.0
994,-0.7238315530744625,1.198202044990334,A,0.420776846778123,Ruim,0.0,0.0,1.0,0.0,0.0
995,1.3494924912648547,-1.0758121722607727,A,0.04084164180974247,Bom,0.0,0.0,0.0,1.0,0.0
996,-1.2116725046837136,-0.5715044616928077,A,1.3533450771550566,Regular,0.0,1.0,0.0,0.0,0.0
997,0.129890112241727,0.6773334906416312,A,-1.6861365625919862,Regular,0.0,0.0,0.0,1.0,0.0
998,1.1055720154602293,1.2655973090411499,A,0.3171581545140193,Bom,1.0,0.0,0.0,0.0,0.0
999,1.6543930860206368,0.05477169132633354,A,1.5260428975952294,Regular,1.0,0.0,0.0,0.0,0.0
1000,-0.17501048251405496,0.40088258839610763,A,-1.6861365625919862,Bom,0.0,1.0,0.0,0.0,0.0
